{
    "center_bias": {
        "cmp_shelves_059_toys_018.jpg": {
            "AUC": 0.6548630945414945,
            "NSS": 0.49908831576085966,
            "IG": 0.0,
            "LL": -0.4932556534286718
        },
        "cmp_shelves_108_teddybear_021.jpg": {
            "AUC": 0.6178238513521125,
            "NSS": 0.2685090212865988,
            "IG": 0.0,
            "LL": -0.8923765494504923
        },
        "cmp_shelves_096_teddybear_009.jpg": {
            "AUC": 0.6484530633319379,
            "NSS": 0.7158783804185757,
            "IG": 0.0,
            "LL": -0.47676184556751205
        },
        "cmp_building_060_dog_017.jpg": {
            "AUC": 0.5068150415698821,
            "NSS": 0.2380864413452662,
            "IG": 0.0,
            "LL": -1.6864578689298635
        },
        "cmp_office_001_pottedplant_001.jpg": {
            "AUC": 0.6280883254501823,
            "NSS": 0.7745991660484215,
            "IG": 0.0,
            "LL": -0.6868012483938671
        },
        "cmp_shelves_111_pottedplant_002.jpg": {
            "AUC": 0.629133223026911,
            "NSS": 0.5633214495837349,
            "IG": 0.0,
            "LL": -0.6851082769249552
        },
        "cmp_shelves_030_book_003.jpg": {
            "AUC": 0.6283837132083391,
            "NSS": 0.5145067448756179,
            "IG": 0.0,
            "LL": -0.7428660007365934
        },
        "cmp_sky_001_kite_001.jpg": {
            "AUC": 0.5864573027962615,
            "NSS": 0.43492870499793984,
            "IG": 0.0,
            "LL": -1.0372756680788895
        },
        "cmp_jungle_007_bird_007.jpg": {
            "AUC": 0.6672078359617077,
            "NSS": 0.6172231187108359,
            "IG": 0.0,
            "LL": -0.39134235306578957
        },
        "cmp_building_033_cat_012.jpg": {
            "AUC": 0.6341742573591769,
            "NSS": 0.6616044289468234,
            "IG": 0.0,
            "LL": -0.601748064203552
        },
        "cmp_building_054_bird_010.jpg": {
            "AUC": 0.4919430714890869,
            "NSS": 0.290259264440528,
            "IG": 0.0,
            "LL": -1.9645911595161796
        },
        "cmp_mountain_004_sheep_001.jpg": {
            "AUC": 0.5578313722164134,
            "NSS": 0.6755072123926413,
            "IG": 0.0,
            "LL": -1.238110344287264
        },
        "cmp_shelves_109_teddybear_022.jpg": {
            "AUC": 0.7113944370688665,
            "NSS": 0.4324818303694191,
            "IG": 0.0,
            "LL": -0.14403899016091587
        },
        "cmp_shelves_081_knife_004.jpg": {
            "AUC": 0.8142661875770205,
            "NSS": 1.3027616482964461,
            "IG": 0.0,
            "LL": 0.8856887238981115
        },
        "cmp_shelves_040_book_013.jpg": {
            "AUC": 0.6342146114571384,
            "NSS": 0.6641605619972372,
            "IG": 0.0,
            "LL": -0.5776974395745159
        },
        "cmp_mountain_019_sheep_007.jpg": {
            "AUC": 0.5346796849827246,
            "NSS": 0.4465797655842602,
            "IG": 0.0,
            "LL": -1.4087125310795312
        },
        "cmp_shelves_016_cup_001.jpg": {
            "AUC": 0.6934953833650364,
            "NSS": 0.2833106161181958,
            "IG": 0.0,
            "LL": -0.3017591727968711
        },
        "cmp_building_046_sheep_001.jpg": {
            "AUC": 0.7172613571560571,
            "NSS": 0.47756883949131546,
            "IG": 0.0,
            "LL": -0.05391542720347047
        },
        "cmp_cakestand_003_food_002.jpg": {
            "AUC": 0.7427256510807918,
            "NSS": 0.3897383409994502,
            "IG": 0.0,
            "LL": 0.05982959579532917
        },
        "cmp_shelves_075_toys_034.jpg": {
            "AUC": 0.6193722438607632,
            "NSS": 0.359013955959058,
            "IG": 0.0,
            "LL": -0.9041150700625802
        },
        "cmp_shelves_018_remote_002.jpg": {
            "AUC": 0.6449318969510297,
            "NSS": 0.4779994523484051,
            "IG": 0.0,
            "LL": -0.5933888996544932
        },
        "cmp_shelves_103_teddybear_016.jpg": {
            "AUC": 0.8921435260268117,
            "NSS": 1.049194813471752,
            "IG": 0.0,
            "LL": 1.3646029627308478
        },
        "cmp_seabottom_001_bottle_001.jpg": {
            "AUC": 0.8190722480573984,
            "NSS": 1.3379523253343115,
            "IG": 0.0,
            "LL": 0.9535016005543097
        },
        "cmp_building_007_person_004.jpg": {
            "AUC": 0.6676014203908258,
            "NSS": 0.5026293999259991,
            "IG": 0.0,
            "LL": -0.4123281724650248
        },
        "cmp_africansavanna_003_wildanimals_003.jpg": {
            "AUC": 0.5263796114417203,
            "NSS": 0.36404391187631185,
            "IG": 0.0,
            "LL": -1.6045875478143299
        },
        "cmp_building_022_cat_009.jpg": {
            "AUC": 0.7200133359454652,
            "NSS": 0.4850555883541431,
            "IG": 0.0,
            "LL": -0.06661126275189996
        },
        "cmp_shelves_054_toys_013.jpg": {
            "AUC": 0.7074799850565396,
            "NSS": 0.5480499643934971,
            "IG": 0.0,
            "LL": -0.10312712350575347
        },
        "cmp_shelves_089_vase_008.jpg": {
            "AUC": 0.5884752988349844,
            "NSS": 0.23101877894726586,
            "IG": 0.0,
            "LL": -1.1308978979148823
        },
        "cmp_field_007_farmanimals_007.jpg": {
            "AUC": 0.6534934884813645,
            "NSS": 0.5966691803852157,
            "IG": 0.0,
            "LL": -0.5230270003411025
        },
        "cmp_building_039_dog_007.jpg": {
            "AUC": 0.5359796027056376,
            "NSS": 0.3180450773094805,
            "IG": 0.0,
            "LL": -1.4755343490353967
        },
        "cmp_snow_001_person_001.jpg": {
            "AUC": 0.5078124789934668,
            "NSS": 0.47258372366950274,
            "IG": 0.0,
            "LL": -1.6287025736850425
        },
        "cmp_shelves_046_toys_005.jpg": {
            "AUC": 0.6861838651708786,
            "NSS": 0.4636904863545463,
            "IG": 0.0,
            "LL": -0.27742486069293215
        },
        "cmp_shelves_035_book_008.jpg": {
            "AUC": 0.5597352702502785,
            "NSS": 0.46544308030915665,
            "IG": 0.0,
            "LL": -1.161115264563242
        },
        "cmp_yard_005_animal_003.jpg": {
            "AUC": 0.5710822676106866,
            "NSS": 0.3312586698489161,
            "IG": 0.0,
            "LL": -1.2161744441716176
        },
        "cmp_building_015_person_008.jpg": {
            "AUC": 0.6314491822984484,
            "NSS": 0.3494121459791651,
            "IG": 0.0,
            "LL": -0.7184392495157534
        }
    },
    "uniform": {
        "cmp_shelves_059_toys_018.jpg": {
            "AUC": 0.5,
            "NSS": 0.0,
            "IG": 0.4932556534286718,
            "LL": 0.0
        },
        "cmp_shelves_108_teddybear_021.jpg": {
            "AUC": 0.5,
            "NSS": 0.0,
            "IG": 0.8923765494504923,
            "LL": 0.0
        },
        "cmp_shelves_096_teddybear_009.jpg": {
            "AUC": 0.5,
            "NSS": 0.0,
            "IG": 0.47676184556751205,
            "LL": 0.0
        },
        "cmp_building_060_dog_017.jpg": {
            "AUC": 0.5,
            "NSS": 0.0,
            "IG": 1.6864578689298635,
            "LL": 0.0
        },
        "cmp_office_001_pottedplant_001.jpg": {
            "AUC": 0.5,
            "NSS": 0.0,
            "IG": 0.6868012483938671,
            "LL": 0.0
        },
        "cmp_shelves_111_pottedplant_002.jpg": {
            "AUC": 0.5,
            "NSS": 0.0,
            "IG": 0.6851082769249552,
            "LL": 0.0
        },
        "cmp_shelves_030_book_003.jpg": {
            "AUC": 0.5,
            "NSS": 0.0,
            "IG": 0.7428660007365934,
            "LL": 0.0
        },