{
    "cmp_shelves_059_toys_018.jpg": [
        0.9353537395826951,
        0.7026538359049636,
        0.9437798120464082,
        0.826715083470578,
        1.0
    ],
    "cmp_shelves_108_teddybear_021.jpg": [
        0.932749480205354,
        0.7253450580021147,
        0.9366633849303888,
        0.7825051315718887,
        1.0
    ],
    "cmp_shelves_030_book_003.jpg": [
        0.9276144689774057,
        0.7398229857192594,
        0.9318553017197723,
        0.8309662372003501,
        1.0
    ],
    "cmp_mountain_004_sheep_001.jpg": [
        0.9338694188850926,
        0.7201770438719827,
        0.9290725557026367,
        0.7526221765872665,
        1.0
    ],
    "cmp_shelves_109_teddybear_022.jpg": [
        0.9361062101470442,
        0.7428104265861089,
        0.9381814077410621,
        0.8505437859972103,
        1.0
    ],
    "cmp_shelves_040_book_013.jpg": [
        0.930168219079352,
        0.6935020501671455,
        0.9321840771878315,
        0.8519759580025468,
        1.0
    ],
    "cmp_mountain_019_sheep_007.jpg": [
        0.933952922224936,
        0.7427626206224605,
        0.933456415952047,
        0.770064629978303,
        1.0
    ],
    "cmp_shelves_016_cup_001.jpg": [
        0.9289570486764757,
        0.7528870122943846,
        0.9248235984288846,
        0.8549294529327534,
        1.0
    ],
    "cmp_building_046_sheep_001.jpg": [
        0.9162913053995613,
        0.6623640691385503,
        0.9293293750914756,
        0.7890626186768284,
        1.0
    ],
    "cmp_cakestand_003_food_002.jpg": [
        0.9081080478083511,
        0.7030540063222436,
        0.9176311605599299,
        0.8341334734752629,
        1.0
    ],
    "cmp_seabottom_001_bottle_001.jpg": [
        0.9379692921706659,
        0.6730922137919153,
        0.9385880645838396,
        0.8308939633788553,
        1.0
    ],
    "cmp_building_007_person_004.jpg": [
        0.9263131751045776,
        0.662815532400451,
        0.9252172057993568,
        0.8036861737625991,
        1.0
    ],
    "cmp_shelves_054_toys_013.jpg": [
        0.9221402985746093,
        0.6712075600078594,
        0.9297039092712504,
        0.8426492034494034,
        1.0
    ],
    "cmp_field_007_farmanimals_007.jpg": [
        0.92638531892803,
        0.7270757278525621,
        0.9251901779555671,
        0.7969546517626468,
        1.0
    ],
    "cmp_snow_001_person_001.jpg": [
        0.9086200495236233,
        0.6805373896193747,
        0.9120213031971625,
        0.7600827961173144,
        1.0
    ],
    "cmp_building_015_person_008.jpg": [
        0.9337576439078291,
        0.8753789056519108,
        0.8949760606792782,
        0.905700022745434,
        1.0
    ],
    "cmp_shelves_081_knife_004.jpg": [
        0.9322013413896988,
        0.6766988872408022,
        0.9344361423914086,
        0.8337972550765212,
        1.0
    ],
    "cmp_building_022_cat_009.jpg": [
        0.9258058517808968,
        0.6272013254236284,
        0.9309966291152475,
        0.8105992159746279,
        1.0
    ],
    "cmp_building_033_cat_012.jpg": [
        0.9199998956926841,
        0.6874112363205868,
        0.9163397080758117,
        0.8338884358138989,
        1.0
    ],
    "cmp_shelves_035_book_008.jpg": [
        0.8823434077116821,
        0.6674963308933439,
        0.8619701070285963,
        0.813210938584036,
        1.0
    ],
    "cmp_shelves_018_remote_002.jpg": [
        0.9309143614883857,
        0.6953858251967282,
        0.9360667302119512,
        0.81556899173003,
        1.0
    ],
    "cmp_shelves_096_teddybear_009.jpg": [
        0.9245834129874624,
        0.6829400947346063,
        0.9216644751725429,
        0.8349678016366829,
        1.0
    ],
    "cmp_shelves_111_pottedplant_002.jpg": [
        0.9280456345207987,
        0.7654186831732744,
        0.938383323676857,
        0.8339359520148509,
        1.0
    ],
    "cmp_office_001_pottedplant_001.jpg": [
        0.9292507971787823,
        0.741296429244661,
        0.9315703937035181,
        0.8137877380056838,
        1.0
    ],
    "cmp_shelves_089_vase_008.jpg": [
        0.920659564452069,
        0.731367476311635,
        0.9286794997033656,
        0.7797914045193545,
        1.0
    ],
    "cmp_jungle_007_bird_007.jpg": [
        0.9200991222582143,
        0.6214943572463917,
        0.925425609885022,
        0.8110134970798242,
        1.0
    ],
    "cmp_shelves_075_toys_034.jpg": [
        0.9072205430031862,
        0.685874117810521,
        0.9104320370578038,
        0.7538096715928654,
        1.0
    ],
    "cmp_shelves_046_toys_005.jpg": [
        0.9321461326222507,
        0.760672521432304,
        0.9321984589280444,
        0.8696643014689195,
        1.0
    ],
    "cmp_africansavanna_003_wildanimals_003.jpg": [
        0.9239654683712722,
        0.6828069051277105,
        0.9284262115976751,
        0.7695113885676779,
        1.0
    ],
    "cmp_shelves_103_teddybear_016.jpg": [
        0.9387914543209147,
        0.7178210160122107,
        0.9321268136632382,
        0.8423994446755956,
        1.0
    ],
    "cmp_building_039_dog_007.jpg": [
        0.9212497760235565,
        0.7006046601828312,
        0.9231457624932483,
        0.7495748227088217,
        1.0
    ],
    "cmp_yard_005_animal_003.jpg": [
        0.930144123930375,
        0.759288255340779,
        0.925108513003495,
        0.7451994556187274,
        1.0
    ],
    "cmp_sky_001_kite_001.jpg": [
        0.9253001895869837,
        0.7659695360505183,
        0.9273383962371285,
        0.7902316128181781,
        1.0
    ],
    "cmp_building_060_dog_017.jpg": [
        0.9237587505738263,
        0.6803829010470092,
        0.9196404536967725,
        0.7869855411522835,
        1.0
    ],
    "cmp_building_054_bird_010.jpg": [
        0.9243240167760632,
        0.703587742026701,
        0.9207445593697352,
        0.74452559082012,
        1.0
    ]
}