{
    "Humans MSS 1": {
        "AUCperf": 0.679,
        "AvgMM": 0.841,
        "MMvec": [
            0.924,
            0.01
        ],
        "MMdir": [
            0.702,
            0.049
        ],
        "MMlen": [
            0.926,
            0.012
        ],
        "MMpos": [
            0.811,
            0.036
        ]
    },
    "Humans MSS 2": {
        "AUCperf": 0.659,
        "AvgMM": 0.841,
        "MMvec": [
            0.927,
            0.009
        ],
        "MMdir": [
            0.712,
            0.032
        ],
        "MMlen": [
            0.928,
            0.012
        ],
        "MMpos": [
            0.798,
            0.036
        ]
    },
    "Humans MSS 4": {
        "AUCperf": 0.577,
        "AvgMM": 0.845,
        "MMvec": [
            0.931,
            0.007
        ],
        "MMdir": [
            0.721,
            0.033
        ],
        "MMlen": [
            0.933,
            0.007
        ],
        "MMpos": [
            0.795,
            0.024
        ]
    },
    "nnIBS MSS 1": {
        "AUCperf": 0.617,
        "Corr": 0.12211534548425196,
        "AvgMM": 0.816,
        "MMvec": [
            0.896,
            0.019
        ],
        "MMdir": [
            0.672,
            0.049
        ],
        "MMlen": [
            0.89,
            0.035
        ],
        "MMpos": [
            0.805,
            0.039
        ]
    },
    "nnIBS MSS 2": {
        "AUCperf": 0.696,
        "Corr": 0.3520986987932459,
        "AvgMM": 0.823,
        "MMvec": [
            0.901,
            0.019
        ],
        "MMdir": [
            0.686,
            0.052
        ],
        "MMlen": [
            0.899,
            0.03
        ],
        "MMpos": [
            0.805,
            0.038
        ]
    },
    "nnIBS MSS 4": {
        "AUCperf": 0.637,
        "Corr": 0.24357261283074744,
        "AvgMM": 0.826,
        "MMvec": [
            0.9,
            0.02
        ],
        "MMdir": [
            0.712,
            0.05
        ],
        "MMlen": [
            0.89,
            0.035
        ],
        "MMpos": [
            0.801,
            0.031
        ]
    }
}