{
    "cmp_mountain_019_sheep_007.jpg": [
        0.9339529222249358,
        0.7427626206224603,
        0.933456415952047,
        0.7700646299783029,
        1.0
    ],
    "cmp_shelves_020_remote_004.jpg": [
        0.9391361694330893,
        0.7382987629606895,
        0.947975625579424,
        0.8616155437772185,
        1.0
    ],
    "cmp_field_008_farmanimals_008.jpg": [
        0.928258265145659,
        0.717277301992541,
        0.9225767800789993,
        0.7809337524252853,
        1.0
    ],
    "cmp_shelves_056_toys_015.jpg": [
        0.9425870114826274,
        0.775978494614451,
        0.94051361471385,
        0.8270542261441121,
        1.0
    ],
    "cmp_shelves_073_toys_032.jpg": [
        0.9328114507626742,
        0.6955593718995079,
        0.9290677882652826,
        0.8387831384943297,
        1.0
    ],
    "cmp_office_001_pottedplant_001.jpg": [
        0.9292507971787823,
        0.7412964292446605,
        0.9315703937035172,
        0.8137877380056833,
        1.0
    ],
    "cmp_yard_003_animal_002.jpg": [
        0.9208836581024629,
        0.6698803559031836,
        0.9154796420400391,
        0.7860335083681322,
        1.0
    ],
    "cmp_sanddunes_001_motorcycle_001.jpg": [
        0.923904916191099,
        0.7417169484671567,
        0.9280937735989137,
        0.7936902599589845,
        1.0
    ],
    "cmp_building_003_person_001.jpg": [
        0.9200271571655267,
        0.7170494057676362,
        0.920816628357803,
        0.7808873759407874,
        1.0
    ],
    "cmp_building_039_dog_007.jpg": [
        0.9212497760235568,
        0.700604660182831,
        0.9231457624932483,
        0.7495748227088218,
        1.0
    ],
    "cmp_shelves_054_toys_013.jpg": [
        0.9221402985746092,
        0.6712075600078594,
        0.9297039092712507,
        0.8426492034494025,
        1.0
    ],
    "cmp_building_032_cat_011.jpg": [
        0.9345293667415832,
        0.705642408885508,
        0.945110540373952,
        0.8685244865398264,
        1.0
    ],
    "cmp_cakestand_001_food_001.jpg": [
        0.9342786584902409,
        0.7230959544270357,
        0.942332629505311,
        0.7955749637060006,
        1.0
    ],
    "cmp_shelves_068_toys_027.jpg": [
        0.9147392503672056,
        0.6578348417033744,
        0.9162360318428262,
        0.8123384860281636,
        1.0
    ],
    "cmp_shelves_018_remote_002.jpg": [
        0.930914361488385,
        0.6950405891627228,
        0.9360667302119507,
        0.8155689917300296,
        1.0
    ],
    "cmp_shelves_108_teddybear_021.jpg": [
        0.932749480205354,
        0.7253450580021151,
        0.936663384930389,
        0.7825051315718883,
        1.0
    ],
    "cmp_building_050_bird_006.jpg": [
        0.9484287096415442,
        0.7834874306807925,
        0.9416941347062575,
        0.8247755439956286,
        1.0
    ],
    "cmp_shelves_105_teddybear_018.jpg": [
        0.9321647064661571,
        0.6571495570301655,
        0.9349708075141687,
        0.7660529575633906,
        1.0
    ],
    "cmp_building_007_person_004.jpg": [
        0.9252429021243218,
        0.6691767194970043,
        0.9283018534562136,
        0.8025885447153206,
        1.0
    ],
    "cmp_shelves_081_knife_004.jpg": [
        0.932201341389699,
        0.676698887240802,
        0.9344361423914089,
        0.8337972550765214,
        1.0
    ],
    "cmp_shelves_030_book_003.jpg": [
        0.9276144689774054,
        0.7398229857192595,
        0.9318553017197726,
        0.8309662372003501,
        1.0
    ],
    "cmp_mountain_016_sheep_004.jpg": [
        0.9249691426734663,
        0.7017780083457418,
        0.9263269271171729,
        0.752579214038397,
        1.0
    ],
    "cmp_mountain_004_sheep_001.jpg": [
        0.9338694188850929,
        0.7201770438719826,
        0.9290725557026369,
        0.752285797778817,
        1.0
    ],
    "cmp_shelves_109_teddybear_022.jpg": [
        0.9361062101470442,
        0.7428104265861086,
        0.9381814077410623,
        0.8505437859972097,
        1.0
    ],
    "cmp_field_007_farmanimals_007.jpg": [
        0.9263853189280301,
        0.7270757278525624,
        0.9251901779555671,
        0.7969546517626467,
        1.0
    ],
    "cmp_jungle_007_bird_007.jpg": [
        0.9200991222582146,
        0.6214943572463916,
        0.9254256098850219,
        0.811013497079824,
        1.0
    ],
    "cmp_shelves_039_book_012.jpg": [
        0.919112102206814,
        0.6942323314694232,
        0.9286335832988935,
        0.8053262955472961,
        1.0
    ],
    "cmp_shelves_049_toys_008.jpg": [
        0.9296097962530953,
        0.7084863437864708,
        0.9300396671336312,
        0.8010318744120228,
        1.0
    ],
    "cmp_building_030_person_016.jpg": [
        0.9266750325743416,
        0.689516916975933,
        0.9191692373337477,
        0.8112867181639056,
        1.0
    ],
    "cmp_shelves_059_toys_018.jpg": [
        0.9353537395826949,
        0.7026538359049633,
        0.9437798120464076,
        0.8267150834705781,
        1.0
    ],
    "cmp_shelves_075_toys_034.jpg": [
        0.9072205430031863,
        0.6858741178105209,
        0.9104320370578041,
        0.7538096715928654,
        1.0
    ],
    "cmp_building_021_cat_008.jpg": [
        0.9157617099135742,
        0.7073512342671985,
        0.921907759099002,
        0.7486218264542425,
        1.0
    ],
    "cmp_shelves_112_pottedplant_003.jpg": [
        0.9322934838023755,
        0.6006985234857674,
        0.9392895376934788,
        0.8058078106908119,
        1.0
    ],
    "cmp_building_051_bird_007.jpg": [
        0.9266439046258123,
        0.7503951505214208,
        0.9309567168819712,
        0.7838127239879521,
        1.0
    ],
    "cmp_mountain_025_cow_005.jpg": [
        0.9206456554408048,
        0.6870044338309468,
        0.9184044073979202,
        0.8089778792355028,
        1.0
    ],
    "cmp_mountain_003_cow_001.jpg": [
        0.9081592827023385,
        0.6732528629925593,
        0.8989537722791993,
        0.7560885504472817,
        1.0
    ],
    "cmp_snow_001_person_001.jpg": [
        0.9086200495236229,
        0.6805373896193747,
        0.9120213031971617,
        0.7600827961173147,
        1.0
    ],
    "cmp_building_022_cat_009.jpg": [
        0.9258058517808965,
        0.627201325423628,
        0.9309966291152476,
        0.810599215974628,
        1.0
    ],
    "cmp_building_023_cat_010.jpg": [
        0.9301624569334247,
        0.8009340101748811,
        0.9356645966785829,
        0.7979555223988696,
        1.0
    ],
    "cmp_cakestand_003_food_002.jpg": [
        0.9081080478083507,
        0.7030540063222439,
        0.9176311605599299,
        0.8341334734752622,
        1.0
    ],
    "cmp_mountain_017_sheep_005.jpg": [
        0.9296737473357573,
        0.7079485640295655,
        0.9312736832911975,
        0.7580347523541905,
        1.0
    ],
    "cmp_meadow_004_animal_001.jpg": [
        0.935660309972128,
        0.7378227792937194,
        0.9311279400195296,
        0.7915015158470337,
        1.0
    ],
    "cmp_building_015_person_008.jpg": [
        0.9337576439078288,
        0.8753789056519108,
        0.8949760606792779,
        0.905700022745434,
        1.0
    ],
    "cmp_shelves_101_teddybear_014.jpg": [
        0.9235534898575398,
        0.7407099145834738,
        0.9324246057336666,
        0.7745402527782199,
        1.0
    ],
    "cmp_desks_002_backpacks_001.jpg": [
        0.9259069782079902,
        0.7451791300739712,
        0.92833729879125,
        0.8114764598018097,
        1.0
    ],
    "cmp_building_056_bird_012.jpg": [
        0.9205523063924422,
        0.6983798752269293,
        0.9218929187573895,
        0.7551032517888961,
        1.0
    ],
    "cmp_building_062_dog_019.jpg": [
        0.91770660793447,
        0.6599637832760274,
        0.9354283351579205,
        0.8027053190245368,
        1.0
    ],