{
    "center_bias": {
        "cmp_shelves_059_toys_018.jpg": {
            "AUC": 0.6796405401359136,
            "NSS": 0.6017725528303854,
            "IG": 0.0,
            "LL": -0.2885746883652941
        },
        "cmp_shelves_108_teddybear_021.jpg": {
            "AUC": 0.6465364926044932,
            "NSS": 0.39634475232837424,
            "IG": 0.0,
            "LL": -0.6479606498670609
        },
        "cmp_shelves_096_teddybear_009.jpg": {
            "AUC": NaN,
            "NSS": NaN,
            "IG": NaN,
            "LL": NaN
        },
        "cmp_building_060_dog_017.jpg": {
            "AUC": 0.5235608072152442,
            "NSS": 0.2642924975693599,
            "IG": 0.0,
            "LL": -1.5552619869358462
        },
        "cmp_office_001_pottedplant_001.jpg": {
            "AUC": 0.6976735002443694,
            "NSS": 0.8525667697538555,
            "IG": 0.0,
            "LL": -0.08893329271737284
        },
        "cmp_shelves_111_pottedplant_002.jpg": {
            "AUC": 0.7044027583081394,
            "NSS": 0.6655389770700526,
            "IG": 0.0,
            "LL": -0.1069075825423027
        },
        "cmp_shelves_030_book_003.jpg": {
            "AUC": 0.6648458858930882,
            "NSS": 0.550757018886483,
            "IG": 0.0,
            "LL": -0.45917314510481894
        },
        "cmp_sky_001_kite_001.jpg": {
            "AUC": 0.5997644935185673,
            "NSS": 0.45911985134639166,
            "IG": 0.0,
            "LL": -0.9356700466122049
        },
        "cmp_jungle_007_bird_007.jpg": {
            "AUC": NaN,
            "NSS": NaN,
            "IG": NaN,
            "LL": NaN
        },
        "cmp_building_033_cat_012.jpg": {
            "AUC": 0.6746052795183748,
            "NSS": 0.8343543605526107,
            "IG": 0.0,
            "LL": -0.27216086758420116
        },
        "cmp_building_054_bird_010.jpg": {
            "AUC": 0.5022964634079299,
            "NSS": 0.3058469570417976,
            "IG": 0.0,
            "LL": -1.8807059635140493
        },
        "cmp_mountain_004_sheep_001.jpg": {
            "AUC": 0.5886729340655392,
            "NSS": 0.7075912478047788,
            "IG": 0.0,
            "LL": -1.0041709164505084
        },
        "cmp_shelves_109_teddybear_022.jpg": {
            "AUC": 0.7434792650057263,
            "NSS": 0.5042226937851544,
            "IG": 0.0,
            "LL": 0.09452936166268655
        },
        "cmp_shelves_081_knife_004.jpg": {
            "AUC": 0.8367785675736131,
            "NSS": 1.871894736797966,
            "IG": 0.0,
            "LL": 1.2383163224127756
        },
        "cmp_shelves_040_book_013.jpg": {
            "AUC": 0.7102420909821041,
            "NSS": 0.8885149703316073,
            "IG": 0.0,
            "LL": 0.031952626009283676
        },
        "cmp_mountain_019_sheep_007.jpg": {
            "AUC": 0.5593100643715183,
            "NSS": 0.49141006723223934,
            "IG": 0.0,
            "LL": -1.2160943797585975
        },
        "cmp_shelves_016_cup_001.jpg": {
            "AUC": NaN,
            "NSS": NaN,
            "IG": NaN,
            "LL": NaN
        },
        "cmp_building_046_sheep_001.jpg": {
            "AUC": NaN,
            "NSS": NaN,
            "IG": NaN,
            "LL": NaN
        },
        "cmp_cakestand_003_food_002.jpg": {
            "AUC": 0.7882170257183035,
            "NSS": 0.5454587664302042,
            "IG": 0.0,
            "LL": 0.428265924784283
        },
        "cmp_shelves_075_toys_034.jpg": {
            "AUC": 0.6068695541109829,
            "NSS": 0.37013441438117334,
            "IG": 0.0,
            "LL": -0.9854819817486978
        },
        "cmp_shelves_018_remote_002.jpg": {
            "AUC": 0.6772320186815273,
            "NSS": 0.5554346170268287,
            "IG": 0.0,
            "LL": -0.3555582170913645
        },
        "cmp_shelves_103_teddybear_016.jpg": {
            "AUC": NaN,
            "NSS": NaN,
            "IG": NaN,
            "LL": NaN
        },
        "cmp_seabottom_001_bottle_001.jpg": {
            "AUC": NaN,
            "NSS": NaN,
            "IG": NaN,
            "LL": NaN
        },
        "cmp_building_007_person_004.jpg": {
            "AUC": 0.7235643786941546,
            "NSS": 0.6763361238164125,
            "IG": 0.0,
            "LL": 0.025837091432482695
        },
        "cmp_africansavanna_003_wildanimals_003.jpg": {
            "AUC": 0.5251463752196802,
            "NSS": 0.37271733948499464,
            "IG": 0.0,
            "LL": -1.6104315385098378
        },
        "cmp_building_022_cat_009.jpg": {
            "AUC": NaN,
            "NSS": NaN,
            "IG": NaN,
            "LL": NaN
        },
        "cmp_shelves_054_toys_013.jpg": {
            "AUC": NaN,
            "NSS": NaN,
            "IG": NaN,
            "LL": NaN
        },
        "cmp_shelves_089_vase_008.jpg": {
            "AUC": NaN,
            "NSS": NaN,
            "IG": NaN,
            "LL": NaN
        },
        "cmp_field_007_farmanimals_007.jpg": {
            "AUC": 0.6480113154224825,
            "NSS": 0.6685960667579933,
            "IG": 0.0,
            "LL": -0.5399092924680955
        },
        "cmp_building_039_dog_007.jpg": {
            "AUC": 0.5514757110389756,
            "NSS": 0.32753454554463723,
            "IG": 0.0,
            "LL": -1.3525069967256445
        },
        "cmp_snow_001_person_001.jpg": {
            "AUC": NaN,
            "NSS": NaN,
            "IG": NaN,
            "LL": NaN
        },
        "cmp_shelves_046_toys_005.jpg": {
            "AUC": 0.7097400572056455,
            "NSS": 0.5390201017001731,
            "IG": 0.0,
            "LL": -0.08729089442516859
        },
        "cmp_shelves_035_book_008.jpg": {
            "AUC": 0.6074565975727793,
            "NSS": 0.7143156174793007,
            "IG": 0.0,
            "LL": -0.7495866414013784
        },
        "cmp_yard_005_animal_003.jpg": {
            "AUC": 0.5757392566858313,
            "NSS": 0.33807156227744933,
            "IG": 0.0,
            "LL": -1.1826670024100399
        },
        "cmp_building_015_person_008.jpg": {
            "AUC": NaN,
            "NSS": NaN,
            "IG": NaN,
            "LL": NaN
        }
    },
    "uniform": {
        "cmp_shelves_059_toys_018.jpg": {
            "AUC": 0.5,
            "NSS": 0.0,
            "IG": 0.2885746883652941,
            "LL": 0.0
        },
        "cmp_shelves_108_teddybear_021.jpg": {
            "AUC": 0.5,
            "NSS": 0.0,
            "IG": 0.6479606498670609,
            "LL": 0.0
        },
        "cmp_shelves_096_teddybear_009.jpg": {
            "AUC": NaN,
            "NSS": NaN,
            "IG": NaN,
            "LL": NaN
        },
        "cmp_building_060_dog_017.jpg": {
            "AUC": 0.5,
            "NSS": 0.0,
            "IG": 1.5552619869358462,
            "LL": 0.0
        },
        "cmp_office_001_pottedplant_001.jpg": {
            "AUC": 0.5,
            "NSS": 0.0,
            "IG": 0.08893329271737284,
            "LL": 0.0
        },
        "cmp_shelves_111_pottedplant_002.jpg": {
            "AUC": 0.5,
            "NSS": 0.0,
            "IG": 0.1069075825423027,
            "LL": 0.0
        },
        "cmp_shelves_030_book_003.jpg": {
            "AUC": 0.5,
            "NSS": 0.0,
            "IG": 0.45917314510481894,
            "LL": 0.0
        },
        "cmp_sky_001_kite_001.jpg": {
            "AUC": 0.5,
            "NSS": 0.0,
            "IG": 0.9356700466122049,
            "LL": 0.0
        },
        "cmp_jungle_007_bird_007.jpg": {
            "AUC": NaN,
            "NSS": NaN,
            "IG": NaN,
            "LL": NaN
        },
        "cmp_building_033_cat_012.jpg": {
            "AUC": 0.5,
            "NSS": 0.0,
            "IG": 0.27216086758420116,
            "LL": 0.0
        },