{
    "Humans MSS 1": {
        "AUCperf": 0.645,
        "AvgMM": 0.841,
        "MMvec": [
            0.925,
            0.012
        ],
        "MMdir": [
            0.698,
            0.047
        ],
        "MMlen": [
            0.922,
            0.013
        ],
        "MMpos": [
            0.817,
            0.036
        ]
    },
    "Humans MSS 2": {
        "AUCperf": 0.613,
        "AvgMM": 0.837,
        "MMvec": [
            0.925,
            0.008
        ],
        "MMdir": [
            0.7,
            0.025
        ],
        "MMlen": [
            0.922,
            0.01
        ],
        "MMpos": [
            0.801,
            0.033
        ]
    },
    "Humans MSS 4": {
        "AUCperf": 0.492,
        "AvgMM": 0.839,
        "MMvec": [
            0.927,
            0.006
        ],
        "MMdir": [
            0.705,
            0.027
        ],
        "MMlen": [
            0.924,
            0.007
        ],
        "MMpos": [
            0.799,
            0.017
        ]
    },
    "nnIBS MSS 1": {
        "AUCperf": 0.623,
        "Corr": 0.1898412221139838,
        "AvgMM": 0.815,
        "MMvec": [
            0.898,
            0.019
        ],
        "MMdir": [
            0.669,
            0.05
        ],
        "MMlen": [
            0.887,
            0.031
        ],
        "MMpos": [
            0.808,
            0.031
        ]
    },
    "nnIBS MSS 2": {
        "AUCperf": 0.703,
        "Corr": 0.35967214797317265,
        "AvgMM": 0.823,
        "MMvec": [
            0.902,
            0.019
        ],
        "MMdir": [
            0.691,
            0.051
        ],
        "MMlen": [
            0.896,
            0.028
        ],
        "MMpos": [
            0.803,
            0.032
        ]
    },
    "nnIBS MSS 4": {
        "AUCperf": 0.644,
        "Corr": 0.17729085576532547,
        "AvgMM": 0.819,
        "MMvec": [
            0.899,
            0.017
        ],
        "MMdir": [
            0.696,
            0.045
        ],
        "MMlen": [
            0.884,
            0.032
        ],
        "MMpos": [
            0.798,
            0.026
        ]
    }
}