{
    "cmp_building_015_person_008.jpg": [
        0.9643742115429399,
        0.8802106266577906,
        0.9571730868444673,
        0.9164132957013353,
        1.0
    ],
    "cmp_shelves_056_toys_015.jpg": [
        0.928404957816119,
        0.7252927218003365,
        0.9259795617908098,
        0.8033463894950904,
        1.0
    ],
    "cmp_building_032_cat_011.jpg": [
        0.9406183440122946,
        0.6731517212694538,
        0.9439895162310392,
        0.8616599056480801,
        1.0
    ],
    "cmp_snow_002_animal_002.jpg": [
        0.9215311998900664,
        0.7333908019084127,
        0.9227552336206256,
        0.8088688723844704,
        1.0
    ],
    "cmp_shelves_068_toys_027.jpg": [
        0.9218665975080615,
        0.6893683140860729,
        0.9342050639682196,
        0.8096685347878999,
        1.0
    ],
    "cmp_shelves_018_remote_002.jpg": [
        0.937084793692204,
        0.739362950492613,
        0.9376064921997647,
        0.8438051926253622,
        1.0
    ],
    "cmp_shelves_085_vase_004.jpg": [
        0.9283223254004986,
        0.6897227812604785,
        0.9302331904289669,
        0.8341763326315553,
        1.0
    ],
    "cmp_shelves_042_toys_001.jpg": [
        0.9212573724911559,
        0.699038510119613,
        0.9152120110315408,
        0.7901518575897544,
        1.0
    ],
    "cmp_beach_003_bird_001.jpg": [
        0.930131873714384,
        0.7511101687408602,
        0.9115474564998082,
        0.814304291269583,
        1.0
    ],
    "cmp_shelves_101_teddybear_014.jpg": [
        0.9108173428349731,
        0.6971255330054243,
        0.9144796792731721,
        0.7664638827103729,
        1.0
    ],
    "cmp_shelves_089_vase_008.jpg": [
        0.9100525165582273,
        0.7180478341379675,
        0.9086031913404324,
        0.787574506283775,
        1.0
    ],
    "cmp_shelves_054_toys_013.jpg": [
        0.9252957143354457,
        0.7125499816166287,
        0.9288004735194282,
        0.8399168521792411,
        1.0
    ],
    "cmp_cakestand_001_food_001.jpg": [
        0.9336503094570648,
        0.7221295288818679,
        0.9350146106504148,
        0.8190762960781182,
        1.0
    ],
    "cmp_building_020_cat_007.jpg": [
        0.9311268795104201,
        0.7344940503435968,
        0.9285915609254924,
        0.8151587981043844,
        1.0
    ],
    "cmp_meadow_003_dogs_002.jpg": [
        0.9218906285602406,
        0.7193060736296475,
        0.9184147205629964,
        0.7603121991738553,
        1.0
    ],
    "cmp_shelves_058_toys_017.jpg": [
        0.914358841053146,
        0.6956436053822399,
        0.9129593835090655,
        0.7838364864056074,
        1.0
    ],
    "cmp_snow_001_person_001.jpg": [
        0.9120892262853147,
        0.6927925613259244,
        0.9016461003864378,
        0.811425986700532,
        1.0
    ],
    "cmp_shelves_096_teddybear_009.jpg": [
        0.9197663934090196,
        0.6493662935586799,
        0.9174103427320047,
        0.8579297003032523,
        1.0
    ],
    "cmp_field_007_farmanimals_007.jpg": [
        0.9228143722031487,
        0.6862628838386947,
        0.9232830229171038,
        0.8092550432357635,
        1.0
    ],
    "cmp_shelves_030_book_003.jpg": [
        0.9388166158342536,
        0.7779083821503414,
        0.9357137784304413,
        0.8461752038501089,
        1.0
    ],
    "cmp_building_021_cat_008.jpg": [
        0.9240495855813625,
        0.7104315976057037,
        0.9239823195161735,
        0.7739528532797978,
        1.0
    ],
    "cmp_shelves_016_cup_001.jpg": [
        0.9142502758069346,
        0.7010404883563812,
        0.9111686349029048,
        0.8394732940784682,
        1.0
    ],
    "cmp_building_007_person_004.jpg": [
        0.9271291243474898,
        0.6991186711624282,
        0.9279708305549468,
        0.8149782925947878,
        1.0
    ],
    "cmp_office_001_pottedplant_001.jpg": [
        0.9259682658766406,
        0.7315642609307738,
        0.91540097217555,
        0.8199597129753219,
        1.0
    ],
    "cmp_shelves_093_vase_012.jpg": [
        0.9269130377482561,
        0.7144333025676781,
        0.93168007173528,
        0.8187349174520149,
        1.0
    ],
    "cmp_shelves_052_toys_011.jpg": [
        0.9098435998370128,
        0.7053957854233924,
        0.9014817949843597,
        0.7945265489470368,
        1.0
    ],
    "cmp_shelves_100_teddybear_013.jpg": [
        0.9156164776594331,
        0.7215167929199231,
        0.9161521416846491,
        0.7895680622444052,
        1.0
    ],
    "cmp_shelves_105_teddybear_018.jpg": [
        0.9239611299695745,
        0.695383564458543,
        0.9228425427321566,
        0.7965397940794006,
        1.0
    ],
    "cmp_building_051_bird_007.jpg": [
        0.9174308696296308,
        0.6775826382419197,
        0.9182034670298631,
        0.7767121768120868,
        1.0
    ],
    "cmp_yard_005_animal_003.jpg": [
        0.9182872139520498,
        0.7213681769317044,
        0.9120224907914632,
        0.7948717385890429,
        1.0
    ],
    "cmp_sanddunes_001_motorcycle_001.jpg": [
        0.9254432208630323,
        0.7141092730445062,
        0.9222221022676916,
        0.8068574404872009,
        1.0
    ],
    "cmp_mountain_019_sheep_007.jpg": [
        0.9286451351829157,
        0.7254679764266785,
        0.9320510403817683,
        0.7671767935226694,
        1.0
    ],
    "cmp_shelves_072_toys_031.jpg": [
        0.9230196120710598,
        0.6777584107450805,
        0.9141112370499667,
        0.8228422091773062,
        1.0
    ],
    "cmp_shelves_107_teddybear_020.jpg": [
        0.9279908513231669,
        0.692480571581633,
        0.9277888172047226,
        0.8003855658997879,
        1.0
    ],
    "cmp_building_054_bird_010.jpg": [
        0.9190152656905126,
        0.7362690907812955,
        0.9146515425663163,
        0.7599940713287654,
        1.0
    ],
    "cmp_rooftop_001_cat_001.jpg": [
        0.9305617133315427,
        0.6978938083948815,
        0.9286021332923218,
        0.8118095421371906,
        1.0
    ],
    "cmp_shelves_075_toys_034.jpg": [
        0.906947227056354,
        0.6990901567674596,
        0.9103839950919571,
        0.7893144886973407,
        1.0
    ],
    "cmp_building_060_dog_017.jpg": [
        0.9184148685955468,
        0.7061727424234436,
        0.9232825690693613,
        0.78828935030631,
        1.0
    ],
    "cmp_shelves_111_pottedplant_002.jpg": [
        0.9216390038827931,
        0.6917193546627294,
        0.9198515316188628,
        0.822618273370391,
        1.0
    ],
    "cmp_shelves_109_teddybear_022.jpg": [
        0.9362511033193035,
        0.7385100159706336,
        0.9305067721222724,
        0.8470926013637176,
        1.0
    ],
    "cmp_mountain_017_sheep_005.jpg": [
        0.924836582492966,
        0.7013106316654137,
        0.9232979654386909,
        0.7640443253985625,
        1.0
    ],
    "cmp_shelves_067_toys_026.jpg": [
        0.9248292429532118,
        0.6976357185833801,
        0.9246545537430144,
        0.8065726135184421,
        1.0
    ],
    "cmp_shelves_039_book_012.jpg": [
        0.9238224544795411,
        0.6847713607868007,
        0.9214400085144467,
        0.8103489244256288,
        1.0
    ],
    "cmp_shelves_008_fruitvegetal_001.jpg": [
        0.9201371721828696,
        0.7633109212040197,
        0.9101660955480267,
        0.8266447384761976,
        1.0
    ],
    "cmp_building_041_dog_009.jpg": [
        0.9209271439341483,
        0.6940572057500976,
        0.9114729715760449,
        0.7892186914420164,
        1.0
    ],
    "cmp_building_010_cat_002.jpg": [
        0.9209105753358325,
        0.7173619805983836,
        0.9225223022423764,
        0.8004221661814888,
        1.0
    ],
    "cmp_building_056_bird_012.jpg": [
        0.9245209049515309,
        0.7207009338828382,
        0.9203478150558664,
        0.7825769982631791,
        1.0
    ],