{
    "cmp_shelves_089_vase_008.jpg": [
        0.9221713909559582,
        0.7112506239167139,
        0.9319170419881793,
        0.767880768703859,
        1.0
    ],
    "cmp_shelves_108_teddybear_021.jpg": [
        0.9341638222670168,
        0.7173467591238838,
        0.9397152056005337,
        0.7679853623724714,
        1.0
    ],
    "cmp_shelves_040_book_013.jpg": [
        0.9269582615176121,
        0.6380397118401898,
        0.9368905804473772,
        0.8494360926996757,
        1.0
    ],
    "cmp_mountain_019_sheep_007.jpg": [
        0.9314139166648726,
        0.7302226389780903,
        0.9321565550729124,
        0.7713133935547074,
        1.0
    ],
    "cmp_shelves_111_pottedplant_002.jpg": [
        0.9304070644605041,
        0.7029843164324682,
        0.9476259485546787,
        0.8532147738774549,
        1.0
    ],
    "cmp_field_007_farmanimals_007.jpg": [
        0.9261129754554464,
        0.7181159215984709,
        0.9249337641271398,
        0.7999920953567554,
        1.0
    ],
    "cmp_cakestand_003_food_002.jpg": [
        0.9169706300436288,
        0.6047762790064114,
        0.9430788240345992,
        0.8412220297273894,
        1.0
    ],
    "cmp_shelves_054_toys_013.jpg": [
        0.9269243305015537,
        0.6690327117474926,
        0.9374685219566331,
        0.8471225070197488,
        1.0
    ],
    "cmp_shelves_016_cup_001.jpg": [
        0.92477230459476,
        0.7408142056903066,
        0.931546841957245,
        0.8543240520568751,
        1.0
    ],
    "cmp_seabottom_001_bottle_001.jpg": [
        0.9300633164368113,
        0.6385890314600415,
        0.9241275213938349,
        0.8038498558328655,
        1.0
    ],
    "cmp_building_007_person_004.jpg": [
        0.9203081012511397,
        0.6055285082456895,
        0.9205660258904321,
        0.8071804145597041,
        1.0
    ],
    "cmp_building_060_dog_017.jpg": [
        0.9196378618454473,
        0.6836141915042974,
        0.9126193520013237,
        0.7695136987583835,
        1.0
    ],
    "cmp_building_022_cat_009.jpg": [
        0.9172836812348698,
        0.5936052508826418,
        0.9184323990554129,
        0.7990801067187426,
        1.0
    ],
    "cmp_building_039_dog_007.jpg": [
        0.9195057786504278,
        0.700273920554099,
        0.9197421095185351,
        0.7487807990661356,
        1.0
    ],
    "cmp_building_033_cat_012.jpg": [
        0.9103761765827211,
        0.6485666727095618,
        0.8995521725526477,
        0.8075250274204915,
        1.0
    ],
    "cmp_sky_001_kite_001.jpg": [
        0.9232112507335922,
        0.732600958325808,
        0.92712599717752,
        0.7861388374655001,
        1.0
    ],
    "cmp_shelves_035_book_008.jpg": [
        0.8592001588911419,
        0.4754565950388622,
        0.8949710456875634,
        0.7727074947051934,
        1.0
    ],
    "cmp_shelves_109_teddybear_022.jpg": [
        0.932125855981702,
        0.705473311802342,
        0.9348328678736509,
        0.8503876532642243,
        1.0
    ],
    "cmp_building_015_person_008.jpg": [
        0.8965932361960791,
        0.7400262840246639,
        0.8392951127053642,
        0.8767005094646985,
        1.0
    ],
    "cmp_shelves_018_remote_002.jpg": [
        0.9367886145446079,
        0.6604714757060481,
        0.9432003311472681,
        0.8180930191470122,
        1.0
    ],
    "cmp_shelves_059_toys_018.jpg": [
        0.9354992323671437,
        0.7199573366502917,
        0.950026040524483,
        0.8376253999456343,
        1.0
    ],
    "cmp_mountain_004_sheep_001.jpg": [
        0.9341881800350634,
        0.7298879366262648,
        0.9292447747224603,
        0.7735204558643586,
        1.0
    ],
    "cmp_shelves_030_book_003.jpg": [
        0.9191876207669581,
        0.703125864769462,
        0.9337845285539426,
        0.8429439659654834,
        1.0
    ],
    "cmp_shelves_075_toys_034.jpg": [
        0.9113811150416036,
        0.7154024029140298,
        0.9189017953541188,
        0.7506720629463584,
        1.0
    ],
    "cmp_office_001_pottedplant_001.jpg": [
        0.9341138576646938,
        0.7276618347505015,
        0.9360032972782597,
        0.847139033386137,
        1.0
    ],
    "cmp_shelves_046_toys_005.jpg": [
        0.9239767096371466,
        0.7375750760197328,
        0.9334896099238905,
        0.8750876441395607,
        1.0
    ],
    "cmp_snow_001_person_001.jpg": [
        0.9078920158823244,
        0.6759056031108346,
        0.9010285677774789,
        0.747042962909441,
        1.0
    ],
    "cmp_building_046_sheep_001.jpg": [
        0.9185010989639707,
        0.6082664003112599,
        0.9356822193013629,
        0.8045372089034991,
        1.0
    ],
    "cmp_africansavanna_003_wildanimals_003.jpg": [
        0.9098612181134003,
        0.696990981091679,
        0.9358291210655498,
        0.7752751890328233,
        1.0
    ],
    "cmp_shelves_081_knife_004.jpg": [
        0.9266590753064414,
        0.5934796740790875,
        0.9322575935352537,
        0.8289451167382514,
        1.0
    ],
    "cmp_shelves_096_teddybear_009.jpg": [
        0.9177497624614027,
        0.7311960501969981,
        0.9222401304706577,
        0.8034463809639879,
        1.0
    ],
    "cmp_jungle_007_bird_007.jpg": [
        0.9297339517757551,
        0.6240197728077731,
        0.9389645360025304,
        0.8046963930343506,
        1.0
    ],
    "cmp_building_054_bird_010.jpg": [
        0.9205789544773229,
        0.6687780839660915,
        0.9137974391691979,
        0.7479054158741443,
        1.0
    ],
    "cmp_yard_005_animal_003.jpg": [
        0.9324627497649013,
        0.7383495557726967,
        0.9278939453944046,
        0.7481116698557936,
        1.0
    ],
    "cmp_shelves_103_teddybear_016.jpg": [
        0.9252728665900546,
        0.7947061990403596,
        0.9311670098612805,
        0.7911863521424518,
        1.0
    ]
}