{
    "grayscale_1_housebeautiful.jpg": {
        "AUC": 0.9212239583333333,
        "NSS": 2.317494286283905,
        "IG": -0.623060631676704,
        "LL": 0.9764886125244931
    },
    "grayscale_1_kitchen.jpg": {
        "AUC": 0.8428385416666668,
        "NSS": 2.2323052536326315,
        "IG": 0.47878126522287656,
        "LL": 0.46215395543186233
    },
    "grayscale_1_oliva.jpg": {
        "AUC": 0.5373697916666667,
        "NSS": 0.19702235778792693,
        "IG": 1.65534443338022,
        "LL": 0.005936635079408425
    },
    "grayscale_2_housebeautiful.jpg": {
        "AUC": 0.4186197916666667,
        "NSS": 0.1383897567601455,
        "IG": 1.0474246146798993,
        "LL": -0.19980792562677352
    },
    "grayscale_2_oliva.jpg": {
        "AUC": 0.7154947916666666,
        "NSS": 0.14559771893818724,
        "IG": 0.36519882402749815,
        "LL": -0.058287420708124316
    },
    "grayscale_2_opensource.jpg": {
        "AUC": 0.641015625,
        "NSS": 1.2704683323138855,
        "IG": 0.5784315376795807,
        "LL": 0.3478752797971545
    },
    "grayscale_3_kitchen.jpg": {
        "AUC": 0.9000651041666666,
        "NSS": 2.0342501187249686,
        "IG": 1.707893095642308,
        "LL": 0.40159024878325233
    },
    "grayscale_3_oliva.jpg": {
        "AUC": 0.5523003472222222,
        "NSS": 1.3148059351366348,
        "IG": 2.9469896366197914,
        "LL": 0.21320185344513
    },
    "grayscale_3_other.jpg": {
        "AUC": 0.7506510416666666,
        "NSS": 1.362952409175908,
        "IG": 0.9781213421126548,
        "LL": 0.5699857236036383
    },
    "grayscale_4_oliva.jpg": {
        "AUC": 0.8218315972222222,
        "NSS": 1.4717157013806945,
        "IG": 0.6834078219504031,
        "LL": 0.5416494662002519
    },
    "grayscale_4_other.jpg": {
        "AUC": 0.9082031249999999,
        "NSS": 2.33121328543328,
        "IG": -0.1392138518834849,
        "LL": 0.717884902426648
    },
    "grayscale_5_housebeautiful.jpg": {
        "AUC": 0.8671875,
        "NSS": 1.5270344159002212,
        "IG": -0.5257807766891951,
        "LL": 0.7511627681200634
    },
    "grayscale_5_oliva.jpg": {
        "AUC": 0.7628038194444445,
        "NSS": 0.31937609176746745,
        "IG": -0.19151247656788387,
        "LL": 0.1774757403187722
    },
    "grayscale_5_opensource.jpg": {
        "AUC": 0.7994791666666666,
        "NSS": 0.39269240707450775,
        "IG": 2.1154321548075554,
        "LL": 0.20119045367552868
    },
    "grayscale_6_airbnb.jpg": {
        "AUC": 0.33528645833333337,
        "NSS": 0.21829141193682436,
        "IG": 3.431163326105512,
        "LL": -0.17269528499013412
    },
    "grayscale_6_oliva.jpg": {
        "AUC": 0.502170138888889,
        "NSS": 0.7976464419362014,
        "IG": 1.4642164574168033,
        "LL": 0.051154194525601326
    },
    "grayscale_6_opensource.jpg": {
        "AUC": 0.9479166666666666,
        "NSS": 4.80942125983612,
        "IG": -0.8148353268706494,
        "LL": 0.49681445932105595
    },
    "grayscale_6_other.jpg": {
        "AUC": 0.8194444444444443,
        "NSS": 0.8762601352535327,
        "IG": 0.5874885706110874,
        "LL": 0.19365400209648698
    },
    "grayscale_7_housebeautiful.jpg": {
        "AUC": 0.8597005208333333,
        "NSS": 0.7862798433189984,
        "IG": 1.7736258027309493,
        "LL": 0.45540499284522573
    },
    "grayscale_7_kitchen.jpg": {
        "AUC": 0.7341579861111112,
        "NSS": 2.412213297478405,
        "IG": 0.2912527142975823,
        "LL": -0.11508107958605034
    },
    "grayscale_8_kitchen.jpg": {
        "AUC": 0.9398871527777778,
        "NSS": 2.968271246730552,
        "IG": 1.3005965454078148,
        "LL": 0.35116142631121566
    },
    "grayscale_8_oliva.jpg": {
        "AUC": 0.7994791666666666,
        "NSS": 0.5440164676030679,
        "IG": 2.236195340675625,
        "LL": 0.31076973298011445
    },
    "grayscale_9_other.jpg": {
        "AUC": 0.6729600694444445,
        "NSS": 0.5251943521084517,
        "IG": 2.3024522526117877,
        "LL": 0.11242407009336948
    },
    "grayscale_10_housebeautiful.jpg": {
        "AUC": 0.880078125,
        "NSS": 2.6801496221068497,
        "IG": 2.6217786464050135,
        "LL": 0.6635536663307608
    },
    "grayscale_10_kitchen.jpg": {
        "AUC": 0.618923611111111,
        "NSS": 1.4143845260748547,
        "IG": 1.3372508850474558,
        "LL": 0.3807555721076718
    },
    "grayscale_10_oliva.jpg": {
        "AUC": 0.6712239583333334,
        "NSS": 1.7325317722306275,
        "IG": 1.4113792009780797,
        "LL": 0.5090803852149178
    },
    "grayscale_10_opensource.jpg": {
        "AUC": 0.9505208333333334,
        "NSS": 3.5142460319726134,
        "IG": 0.4449813261940414,
        "LL": 1.5369459071338012
    },
    "grayscale_11_kitchen.jpg": {
        "AUC": 0.7747395833333334,
        "NSS": 1.0251632783504465,
        "IG": -0.24856617042988027,
        "LL": 0.42075040482125736
    },
    "grayscale_11_oliva.jpg": {
        "AUC": 0.8179587339743589,
        "NSS": 1.10346607004335,
        "IG": -0.018811829070987055,
        "LL": 0.124434489576411
    },
    "grayscale_11_opensource.jpg": {
        "AUC": 0.9688802083333332,
        "NSS": 3.431414362971423,
        "IG": 0.32811329774478376,
        "LL": 0.7614260122573843
    },
    "grayscale_12_housebeautiful.jpg": {
        "AUC": 0.791015625,
        "NSS": 1.6051968757621637,
        "IG": 0.09178060330569027,
        "LL": 0.21494171968710257
    },
    "grayscale_13_kitchen.jpg": {
        "AUC": 0.8700086805555556,
        "NSS": 1.3950323042319306,
        "IG": -0.2872234457235521,
        "LL": 0.6326926154125101
    },
    "grayscale_13_oliva.jpg": {
        "AUC": 0.833984375,
        "NSS": 0.418838693649459,
        "IG": -0.266824355363181,
        "LL": 0.27289017538699173
    },
    "grayscale_13_other.jpg": {
        "AUC": 0.9602864583333334,
        "NSS": 4.6445660714833945,
        "IG": 0.33536636522555985,
        "LL": 0.8379671104732767
    },
    "grayscale_14_airbnb.jpg": {
        "AUC": 0.3705873842592593,
        "NSS": 0.5271448688804727,
        "IG": 2.9493739657194045,
        "LL": 0.09645748889138932
    },
    "grayscale_14_housebeautiful.jpg": {
        "AUC": 0.8860677083333334,
        "NSS": 4.422131014415593,
        "IG": 3.566995417330257,
        "LL": 0.5897961931365543
    },
    "grayscale_14_kitchen.jpg": {
        "AUC": 0.5868489583333334,
        "NSS": 0.3805468976553765,
        "IG": 3.4982945069257125,
        "LL": -0.118658871561464
    },
    "grayscale_14_oliva.jpg": {
        "AUC": 0.8023003472222223,
        "NSS": 2.0479648690129255,
        "IG": 1.2435984296362665,
        "LL": 0.311761320544831
    },
    "grayscale_15_housebeautiful.jpg": {
        "AUC": 0.5740017361111112,
        "NSS": 0.08275200108278777,
        "IG": 2.3605124366947066,
        "LL": -0.2788725091582333
    },
    "grayscale_15_kitchen.jpg": {
        "AUC": 0.6572265625,
        "NSS": 1.0550032976899761,
        "IG": 1.7650674860377304,
        "LL": 0.35307578866597744
    },
    "grayscale_15_oliva.jpg": {
        "AUC": 0.7428385416666666,
        "NSS": 0.8074077621146621,
        "IG": 0.9015482042422439,
        "LL": 0.43956082317515666
    },
    "grayscale_15_opensource.jpg": {
        "AUC": 0.6559244791666667,
        "NSS": 0.1956550052753715,
        "IG": 0.7919380123897395,
        "LL": -0.029500275434699574
    },
    "grayscale_16_housebeautiful.jpg": {
        "AUC": 0.8784722222222222,
        "NSS": 2.148353170347167,
        "IG": 0.9159020651774411,
        "LL": 0.697229083321087
    },
    "grayscale_16_oliva.jpg": {
        "AUC": 0.9501953125,
        "NSS": 3.393763058345381,
        "IG": 0.1592206948537922,
        "LL": 1.0662108949098084
    },
    "grayscale_16_opensource.jpg": {
        "AUC": 0.851953125,
        "NSS": 1.0346747410953256,
        "IG": 1.4919550192491484,