{
    "grayscale_1_housebeautiful.jpg": {
        "AUC": 0.687717013888889,
        "NSS": 0.03932328570507345,
        "IG": 1.219759688571224,
        "LL": -0.07307171339626173
    },
    "grayscale_1_kitchen.jpg": {
        "AUC": 0.861328125,
        "NSS": 3.2423395538877333,
        "IG": 1.541766397192849,
        "LL": 0.381999457288637
    },
    "grayscale_1_oliva.jpg": {
        "AUC": 0.7190104166666667,
        "NSS": 1.419045054358565,
        "IG": 2.1501817687617146,
        "LL": 0.3419813387777454
    },
    "grayscale_1_opensource.jpg": {
        "AUC": 0.6608072916666666,
        "NSS": 0.895434484452822,
        "IG": 1.4780808421200178,
        "LL": 0.10763425442110434
    },
    "grayscale_2_housebeautiful.jpg": {
        "AUC": 0.9451822916666668,
        "NSS": 2.1995554047397428,
        "IG": -0.8016218563951197,
        "LL": 0.6006411010732025
    },
    "grayscale_2_oliva.jpg": {
        "AUC": 0.8395182291666667,
        "NSS": 1.2852288058105819,
        "IG": 1.5329274295229185,
        "LL": 0.5246852181245742
    },
    "grayscale_2_opensource.jpg": {
        "AUC": 0.3883463541666667,
        "NSS": 0.8268739390000385,
        "IG": 2.9666348351003373,
        "LL": -0.14466870287579425
    },
    "grayscale_3_kitchen.jpg": {
        "AUC": 0.9153645833333334,
        "NSS": 1.5564125138055038,
        "IG": 4.21233339664327,
        "LL": 0.22339798964226354
    },
    "grayscale_3_oliva.jpg": {
        "AUC": 0.48232171474358976,
        "NSS": 0.04329590166872134,
        "IG": 1.666099658364343,
        "LL": -0.1248323295506361
    },
    "grayscale_3_other.jpg": {
        "AUC": 0.9287109375,
        "NSS": 3.159420328662754,
        "IG": -0.29044001269644526,
        "LL": 0.8830324317888927
    },
    "grayscale_4_oliva.jpg": {
        "AUC": 0.7832031249999999,
        "NSS": 0.7531232577671981,
        "IG": 0.8648428486856307,
        "LL": 0.2995122864055662
    },
    "grayscale_4_other.jpg": {
        "AUC": 0.9765625,
        "NSS": 3.8011780360196443,
        "IG": -0.45139392300982184,
        "LL": 0.565829543262067
    },
    "grayscale_5_housebeautiful.jpg": {
        "AUC": 0.9437934027777778,
        "NSS": 4.117811099004797,
        "IG": -0.7308746121682262,
        "LL": 0.9030081680985291
    },
    "grayscale_5_oliva.jpg": {
        "AUC": 0.5212673611111112,
        "NSS": 0.8844598840165018,
        "IG": 1.772117754791398,
        "LL": 0.10871440963418166
    },
    "grayscale_5_opensource.jpg": {
        "AUC": 0.6956380208333334,
        "NSS": 1.590939663355434,
        "IG": 0.8544124881466151,
        "LL": 0.44403986033632536
    },
    "grayscale_6_airbnb.jpg": {
        "AUC": 0.583984375,
        "NSS": 0.5517488906095017,
        "IG": 1.8162067082828877,
        "LL": 0.10114560301648663
    },
    "grayscale_6_oliva.jpg": {
        "AUC": 0.974609375,
        "NSS": 6.445372726295388,
        "IG": -0.41054898586416577,
        "LL": 0.48715143282656354
    },
    "grayscale_6_opensource.jpg": {
        "AUC": 0.7758914262820513,
        "NSS": 0.8342642329619555,
        "IG": 0.40589644288735466,
        "LL": 0.125730274481259
    },
    "grayscale_6_other.jpg": {
        "AUC": 0.779296875,
        "NSS": 0.8829496433729253,
        "IG": 0.3424727179741396,
        "LL": 0.11610117564936573
    },
    "grayscale_7_housebeautiful.jpg": {
        "AUC": 0.8352864583333333,
        "NSS": 0.8747915156156018,
        "IG": 0.9417245705699422,
        "LL": 0.3166572489364201
    },
    "grayscale_7_kitchen.jpg": {
        "AUC": 0.624782986111111,
        "NSS": 2.2284059605604116,
        "IG": 0.33561485375109495,
        "LL": 0.14608890470064098
    },
    "grayscale_8_kitchen.jpg": {
        "AUC": 0.7964099702380951,
        "NSS": 1.9937035657027344,
        "IG": 0.8394237031594558,
        "LL": 0.3566575232139656
    },
    "grayscale_8_oliva.jpg": {
        "AUC": 0.6494140625,
        "NSS": 1.1091053340079693,
        "IG": 1.887532806082544,
        "LL": 0.11277060794323623
    },
    "grayscale_9_other.jpg": {
        "AUC": 0.5686848958333333,
        "NSS": 0.3799926202639924,
        "IG": 1.7239706668847505,
        "LL": 0.007934766144436445
    },
    "grayscale_10_housebeautiful.jpg": {
        "AUC": 0.34396701388888884,
        "NSS": 0.0995138981376963,
        "IG": 4.1987145929549845,
        "LL": -0.3578231662342339
    },
    "grayscale_10_kitchen.jpg": {
        "AUC": 0.775390625,
        "NSS": 0.4625222586563641,
        "IG": 1.3298586972433746,
        "LL": 0.052803634353774775
    },
    "grayscale_10_oliva.jpg": {
        "AUC": 0.7983940972222222,
        "NSS": 1.1575348213503334,
        "IG": 1.5200500652955913,
        "LL": 0.4792328588230175
    },
    "grayscale_11_kitchen.jpg": {
        "AUC": 0.9398251488095238,
        "NSS": 3.418893684291411,
        "IG": 0.29534078024948257,
        "LL": 0.23925255722997157
    },
    "grayscale_11_oliva.jpg": {
        "AUC": 0.8452690972222222,
        "NSS": 0.9926822812570366,
        "IG": -0.6265163936514156,
        "LL": 0.4477273708112263
    },
    "grayscale_11_opensource.jpg": {
        "AUC": 0.8397135416666668,
        "NSS": 1.8890201461355312,
        "IG": 0.48306396591696216,
        "LL": 0.5815094791313029
    },
    "grayscale_13_kitchen.jpg": {
        "AUC": 0.7891710069444445,
        "NSS": 1.4875935399953686,
        "IG": 0.37563043574323635,
        "LL": 0.34776200294101267
    },
    "grayscale_13_oliva.jpg": {
        "AUC": 0.9404296875,
        "NSS": 2.5923375601133145,
        "IG": -0.015021397053885055,
        "LL": 0.601172541002716
    },
    "grayscale_13_other.jpg": {
        "AUC": 0.5809461805555556,
        "NSS": 0.2121349856904494,
        "IG": 2.291726418001344,
        "LL": -0.060892726266266926
    },
    "grayscale_14_airbnb.jpg": {
        "AUC": 0.7628580729166667,
        "NSS": 1.8686776899422992,
        "IG": 1.3238037078918756,
        "LL": 0.3084334533231554
    },
    "grayscale_14_housebeautiful.jpg": {
        "AUC": 0.8528645833333334,
        "NSS": 3.819108204038959,
        "IG": 13.370027437734352,
        "LL": 0.6522672437952424
    },
    "grayscale_14_kitchen.jpg": {
        "AUC": 0.47721354166666663,
        "NSS": 0.029020608676267278,
        "IG": 1.634906652515279,
        "LL": -0.2953684824994578
    },
    "grayscale_14_oliva.jpg": {
        "AUC": 0.9051649305555555,
        "NSS": 3.0586475735409806,
        "IG": 1.086659364072739,
        "LL": 0.6450061262412922
    },
    "grayscale_15_housebeautiful.jpg": {
        "AUC": 0.8841869212962963,
        "NSS": 2.1151158988277405,
        "IG": 1.0212089208752,
        "LL": 0.4526733345893701
    },
    "grayscale_15_oliva.jpg": {
        "AUC": 0.8126302083333334,
        "NSS": 0.6967369944155878,
        "IG": -0.3657700559630442,
        "LL": 0.3688693358753117
    },
    "grayscale_15_opensource.jpg": {
        "AUC": 0.9438802083333334,
        "NSS": 3.607272623053435,
        "IG": -0.8333623218445325,
        "LL": 0.6134451306950641
    },
    "grayscale_16_housebeautiful.jpg": {
        "AUC": 0.931640625,
        "NSS": 3.296364632132236,
        "IG": 1.6578066542799814,
        "LL": 0.561344226634343
    },
    "grayscale_16_oliva.jpg": {
        "AUC": 0.8370225694444445,
        "NSS": 0.6241063029212389,
        "IG": 0.49732774664841867,
        "LL": 0.2741567117735724
    },
    "grayscale_16_opensource.jpg": {
        "AUC": 0.9226707175925927,
        "NSS": 0.4986856336690894,
        "IG": 2.081741370782719,
        "LL": 0.06418930417859967
    },
    "grayscale_17_oliva.jpg": {
        "AUC": 0.9742838541666666,
        "NSS": 4.544798296336586,
        "IG": 0.3218458664899675,
        "LL": 1.2133816694221313
    },
    "grayscale_17_opensource.jpg": {
        "AUC": 0.8326822916666666,
        "NSS": 0.7714129617183586,
        "IG": 0.844231339055761,
        "LL": 0.42226252330537495
    },