{
    "grayscale_1_housebeautiful.jpg": {
        "AUC": 0.6400741185897435,
        "NSS": 0.7636588383686352,
        "IG": 0.8896001551229863,
        "LL": 0.19714252249370398
    },
    "grayscale_1_kitchen.jpg": {
        "AUC": 0.5462239583333334,
        "NSS": 0.5178906402261543,
        "IG": 2.1000459111358234,
        "LL": -0.036806922269612574
    },
    "grayscale_1_oliva.jpg": {
        "AUC": 0.832248263888889,
        "NSS": 1.2420567682429309,
        "IG": -0.7641390470690773,
        "LL": 0.560171584818336
    },
    "grayscale_1_opensource.jpg": {
        "AUC": 0.7514322916666667,
        "NSS": 2.982849181838117,
        "IG": 1.5896362078349715,
        "LL": 0.7110876344940766
    },
    "grayscale_2_housebeautiful.jpg": {
        "AUC": 0.962890625,
        "NSS": 4.198543205903885,
        "IG": -0.5938563559510142,
        "LL": 0.8852593816699335
    },
    "grayscale_2_oliva.jpg": {
        "AUC": 0.921875,
        "NSS": 1.8877356920416852,
        "IG": 1.1534011708000567,
        "LL": 0.7050811503090197
    },
    "grayscale_2_opensource.jpg": {
        "AUC": 0.8099550189393938,
        "NSS": 1.9082048270341545,
        "IG": 0.039151164849227094,
        "LL": 0.49188846078860116
    },
    "grayscale_3_kitchen.jpg": {
        "AUC": 0.76171875,
        "NSS": 0.6304209699565784,
        "IG": 3.392267826567534,
        "LL": 0.14217500553771023
    },
    "grayscale_3_oliva.jpg": {
        "AUC": 0.8858816964285714,
        "NSS": 3.7251756673445238,
        "IG": 0.5462733352736581,
        "LL": 0.7289410677436771
    },
    "grayscale_3_other.jpg": {
        "AUC": 0.8986545138888888,
        "NSS": 2.5395042594101698,
        "IG": 0.7471710949133925,
        "LL": 0.7463707334600246
    },
    "grayscale_4_oliva.jpg": {
        "AUC": 0.8453125,
        "NSS": 1.2344947314856096,
        "IG": 0.6795566001464165,
        "LL": 0.5454134138304576
    },
    "grayscale_5_housebeautiful.jpg": {
        "AUC": 0.9793836805555555,
        "NSS": 4.6750665736531225,
        "IG": -0.962637546175776,
        "LL": 1.189122972796153
    },
    "grayscale_5_oliva.jpg": {
        "AUC": 0.6423177083333333,
        "NSS": 0.5849398523529408,
        "IG": 1.7200878728769815,
        "LL": -0.045846328721254895
    },
    "grayscale_5_opensource.jpg": {
        "AUC": 0.9563802083333334,
        "NSS": 3.6132717931803233,
        "IG": 2.4395515079355556,
        "LL": 0.6111715565377285
    },
    "grayscale_6_airbnb.jpg": {
        "AUC": 0.578125,
        "NSS": 1.1351392586529385,
        "IG": 2.6177293234516243,
        "LL": 0.020933936793340324
    },
    "grayscale_6_oliva.jpg": {
        "AUC": 0.5286458333333334,
        "NSS": 2.231518177821415,
        "IG": 1.436177367029726,
        "LL": 0.6756044820919214
    },
    "grayscale_6_opensource.jpg": {
        "AUC": 0.8438091856060607,
        "NSS": 1.6601335831867265,
        "IG": 0.7624685642456289,
        "LL": 0.4749751543669331
    },
    "grayscale_6_other.jpg": {
        "AUC": 0.819921875,
        "NSS": 1.5989163911567637,
        "IG": -0.06784672997804861,
        "LL": 0.8363621592590306
    },
    "grayscale_7_housebeautiful.jpg": {
        "AUC": 0.7662760416666666,
        "NSS": 2.776114431150683,
        "IG": 9.81970012092778,
        "LL": 0.35745459607745567
    },
    "grayscale_7_kitchen.jpg": {
        "AUC": 0.542751736111111,
        "NSS": 0.0029314575671826396,
        "IG": 0.07726981945013793,
        "LL": -0.27267654324186186
    },
    "grayscale_8_oliva.jpg": {
        "AUC": 0.6221788194444444,
        "NSS": 0.3074364277081358,
        "IG": 1.88382938844697,
        "LL": -0.03028235342253301
    },
    "grayscale_9_other.jpg": {
        "AUC": 0.9283854166666667,
        "NSS": 3.1082555671995715,
        "IG": 0.2520190501278985,
        "LL": 0.5449449197405113
    },
    "grayscale_10_housebeautiful.jpg": {
        "AUC": 0.3539496527777778,
        "NSS": 0.16202418066866914,
        "IG": 2.9701852717004393,
        "LL": -0.32577671853877216
    },
    "grayscale_10_kitchen.jpg": {
        "AUC": 0.6172375801282052,
        "NSS": 1.9951673048442644,
        "IG": 0.05633197673883688,
        "LL": 0.6259602348114317
    },
    "grayscale_10_oliva.jpg": {
        "AUC": 0.46896701388888884,
        "NSS": 1.263956778874341,
        "IG": 1.192146205353951,
        "LL": 0.23175584439944608
    },
    "grayscale_10_opensource.jpg": {
        "AUC": 0.5441406249999999,
        "NSS": 1.512083874189527,
        "IG": 2.538108423431459,
        "LL": 0.26365459451830126
    },
    "grayscale_11_kitchen.jpg": {
        "AUC": 0.669921875,
        "NSS": 0.9177700212414921,
        "IG": -0.7953047277641827,
        "LL": 0.14208938035794816
    },
    "grayscale_11_oliva.jpg": {
        "AUC": 0.9049479166666666,
        "NSS": 2.2899826548989393,
        "IG": -0.17754700750990526,
        "LL": 0.7086346913150517
    },
    "grayscale_11_opensource.jpg": {
        "AUC": 0.8231336805555555,
        "NSS": 3.159265596475551,
        "IG": 0.996266378770167,
        "LL": 0.33370091291930315
    },
    "grayscale_12_housebeautiful.jpg": {
        "AUC": 0.7022879464285714,
        "NSS": 2.6285642345518343,
        "IG": 3.0082167287346713,
        "LL": 0.5555221425345417
    },
    "grayscale_13_kitchen.jpg": {
        "AUC": 0.8763950892857143,
        "NSS": 1.6547482778687344,
        "IG": 0.5721527769985626,
        "LL": 0.42691273327765905
    },
    "grayscale_13_oliva.jpg": {
        "AUC": 0.7196180555555557,
        "NSS": 0.4539263511575142,
        "IG": 0.6638663622702362,
        "LL": 0.10166208296823154
    },
    "grayscale_13_other.jpg": {
        "AUC": 0.9205729166666666,
        "NSS": 3.73651576225129,
        "IG": 0.13388183843485027,
        "LL": 0.5461785047760088
    },
    "grayscale_14_airbnb.jpg": {
        "AUC": 0.4951422275641026,
        "NSS": 0.2504287511483855,
        "IG": 1.9904677744045172,
        "LL": -0.05040027453038986
    },
    "grayscale_14_housebeautiful.jpg": {
        "AUC": 0.5054253472222222,
        "NSS": 0.06010188588691328,
        "IG": 22.29849922649387,
        "LL": -0.047826651690461
    },
    "grayscale_14_kitchen.jpg": {
        "AUC": 0.68505859375,
        "NSS": 0.41235936996364103,
        "IG": -0.5573861495689556,
        "LL": -0.04305321382343186
    },
    "grayscale_14_oliva.jpg": {
        "AUC": 0.7890124198717949,
        "NSS": 1.7821722826819875,
        "IG": 1.4119609634047516,
        "LL": 0.518402047758549
    },
    "grayscale_15_housebeautiful.jpg": {
        "AUC": 0.80029296875,
        "NSS": 1.4965316700201472,
        "IG": 2.813238238541998,
        "LL": 0.5165745875300017
    },
    "grayscale_15_kitchen.jpg": {
        "AUC": 0.5354817708333334,
        "NSS": 0.053358695694825965,
        "IG": 1.168145035703943,
        "LL": -0.261651756442411
    },
    "grayscale_15_oliva.jpg": {
        "AUC": 0.5680338541666666,
        "NSS": 0.39995624441669486,
        "IG": 0.8969494456588722,
        "LL": -0.16931578850392848
    },
    "grayscale_15_opensource.jpg": {
        "AUC": 0.5,
        "NSS": 0.5014012355843288,
        "IG": 0.03890042399129697,
        "LL": -0.1977275971525687
    },
    "grayscale_16_housebeautiful.jpg": {
        "AUC": 0.818359375,
        "NSS": 0.774254089921398,
        "IG": 1.5326094735395548,
        "LL": 0.3696844101315723
    },
    "grayscale_16_oliva.jpg": {
        "AUC": 0.95703125,
        "NSS": 2.9654568100096395,
        "IG": -0.29004599910160644,
        "LL": 0.7870090387431237
    },
    "grayscale_16_opensource.jpg": {
        "AUC": 0.9272135416666666,
        "NSS": 2.5943685436386987,
        "IG": 2.348493665433833,
        "LL": 0.6976031783445251
    },
    "grayscale_17_oliva.jpg": {
        "AUC": 0.7529296875,
        "NSS": 0.24507392444458534,
        "IG": 2.266324696768056,
        "LL": 0.035046998933208506
    },