{
    "grayscale_1_housebeautiful.jpg": {
        "AUC": 0.690625,
        "NSS": 0.8521356485173047,
        "IG": 0.733072688360536,
        "LL": 0.20937007354601161
    },
    "grayscale_1_kitchen.jpg": {
        "AUC": 0.4454427083333333,
        "NSS": 0.264964916986405,
        "IG": 2.0461476170283546,
        "LL": -0.12374598767096039
    },
    "grayscale_1_oliva.jpg": {
        "AUC": 0.8467447916666666,
        "NSS": 2.675472875628766,
        "IG": 3.563259268613051,
        "LL": 0.5773540240898176
    },
    "grayscale_1_opensource.jpg": {
        "AUC": 0.3190104166666667,
        "NSS": 0.0,
        "IG": 4.178321336157593,
        "LL": -0.5227605712934511
    },
    "grayscale_2_housebeautiful.jpg": {
        "AUC": 0.9632161458333333,
        "NSS": 4.0731005882421885,
        "IG": -0.2994775271616412,
        "LL": 1.077013293405065
    },
    "grayscale_2_oliva.jpg": {
        "AUC": 0.6637369791666667,
        "NSS": 0.5360264552169839,
        "IG": 2.1073619053903885,
        "LL": 0.1588863816834798
    },
    "grayscale_2_opensource.jpg": {
        "AUC": 0.9085286458333334,
        "NSS": 3.371579925806981,
        "IG": 1.6669675108525395,
        "LL": 0.6049691117020168
    },
    "grayscale_3_kitchen.jpg": {
        "AUC": 0.4186197916666667,
        "NSS": 0.26432815113242303,
        "IG": 2.021963108146164,
        "LL": -0.06500280314665403
    },
    "grayscale_3_oliva.jpg": {
        "AUC": 0.42122395833333337,
        "NSS": 0.10766810995934066,
        "IG": 2.7134948249123827,
        "LL": -0.28884586127007983
    },
    "grayscale_3_other.jpg": {
        "AUC": 0.9303385416666667,
        "NSS": 2.7593803573260267,
        "IG": 1.8708464993505862,
        "LL": 1.2872312115379845
    },
    "grayscale_4_oliva.jpg": {
        "AUC": 0.7783203125,
        "NSS": 1.3788255864810095,
        "IG": 1.379994606492072,
        "LL": 0.48048584311427955
    },
    "grayscale_4_other.jpg": {
        "AUC": 0.525245949074074,
        "NSS": 0.14197263672052463,
        "IG": 1.7971534486878409,
        "LL": 0.011756760940852354
    },
    "grayscale_5_housebeautiful.jpg": {
        "AUC": 0.7779947916666666,
        "NSS": 0.709216193953413,
        "IG": 0.7346709704179476,
        "LL": 0.33384603420553266
    },
    "grayscale_5_oliva.jpg": {
        "AUC": 0.6410590277777778,
        "NSS": 0.35281808492605055,
        "IG": 2.1001442519592146,
        "LL": 0.08785129667278528
    },
    "grayscale_5_opensource.jpg": {
        "AUC": 0.9149739583333332,
        "NSS": 3.4210815678666244,
        "IG": 2.1755791810397205,
        "LL": 0.9481664710614066
    },
    "grayscale_6_airbnb.jpg": {
        "AUC": 0.6064453125,
        "NSS": 0.0,
        "IG": 3.005854891506757,
        "LL": -0.19187458823420744
    },
    "grayscale_6_oliva.jpg": {
        "AUC": 0.4381510416666667,
        "NSS": 0.8149672567106768,
        "IG": 2.1460990860590914,
        "LL": -0.023341622353111546
    },
    "grayscale_6_opensource.jpg": {
        "AUC": 0.3465711805555556,
        "NSS": 0.0,
        "IG": 2.4531610885459383,
        "LL": -0.4751101613696207
    },
    "grayscale_6_other.jpg": {
        "AUC": 0.6548755787037037,
        "NSS": 1.4196687844622988,
        "IG": 1.2485299320340757,
        "LL": 0.42742813459397677
    },
    "grayscale_7_housebeautiful.jpg": {
        "AUC": 0.5657552083333334,
        "NSS": 0.09211909668868637,
        "IG": 2.0679298956132617,
        "LL": -0.12017545087750836
    },
    "grayscale_7_kitchen.jpg": {
        "AUC": 0.8292100694444443,
        "NSS": 1.8081340776959365,
        "IG": -0.11239938339289483,
        "LL": 0.516864338159848
    },
    "grayscale_8_kitchen.jpg": {
        "AUC": 0.7311197916666666,
        "NSS": 0.8526261202744997,
        "IG": 1.3365462726505069,
        "LL": 0.29050045022445126
    },
    "grayscale_8_oliva.jpg": {
        "AUC": 0.333984375,
        "NSS": 0.0,
        "IG": 4.250219188172387,
        "LL": -0.43874578346543797
    },
    "grayscale_9_other.jpg": {
        "AUC": 0.48871527777777785,
        "NSS": 0.36115933663204025,
        "IG": 1.45264602137353,
        "LL": -0.050983679173714457
    },
    "grayscale_10_housebeautiful.jpg": {
        "AUC": 0.7154947916666667,
        "NSS": 0.8239986449952541,
        "IG": 2.237295400930844,
        "LL": 0.2122616331132871
    },
    "grayscale_10_kitchen.jpg": {
        "AUC": 0.42730034722222227,
        "NSS": 1.0846760060253573,
        "IG": 2.415213466336572,
        "LL": 0.12088255699908294
    },
    "grayscale_10_oliva.jpg": {
        "AUC": 0.5582320601851851,
        "NSS": 0.4231312038671382,
        "IG": 1.3382680644325815,
        "LL": -0.03667980940485806
    },
    "grayscale_10_opensource.jpg": {
        "AUC": 0.6946614583333334,
        "NSS": 0.02136490840633873,
        "IG": 2.434297026589775,
        "LL": -0.18453239408570413
    },
    "grayscale_11_kitchen.jpg": {
        "AUC": 0.45941840277777785,
        "NSS": 0.0,
        "IG": 3.6543392483594643,
        "LL": -0.277674419967763
    },
    "grayscale_11_oliva.jpg": {
        "AUC": 0.662326388888889,
        "NSS": 0.1195116217315318,
        "IG": 0.20487315424770505,
        "LL": -0.08547339228611091
    },
    "grayscale_11_opensource.jpg": {
        "AUC": 0.7350260416666666,
        "NSS": 0.47738723420179024,
        "IG": 12.669409336352421,
        "LL": 0.1903590718376519
    },
    "grayscale_12_housebeautiful.jpg": {
        "AUC": 0.9880642361111112,
        "NSS": 4.839437023584343,
        "IG": 0.6302047904299458,
        "LL": 0.5583942029556018
    },
    "grayscale_13_kitchen.jpg": {
        "AUC": 0.7395109953703703,
        "NSS": 1.3684805998769807,
        "IG": 0.003950348285123479,
        "LL": 0.444845264413351
    },
    "grayscale_13_oliva.jpg": {
        "AUC": 0.4969618055555556,
        "NSS": 0.017966381375307334,
        "IG": 0.32345143297826606,
        "LL": -0.31721554885512343
    },
    "grayscale_13_other.jpg": {
        "AUC": 0.8548177083333334,
        "NSS": 1.072273432796522,
        "IG": 0.3942239164539985,
        "LL": 0.5238949108187363
    },
    "grayscale_14_airbnb.jpg": {
        "AUC": 0.66015625,
        "NSS": 1.4082475374593926,
        "IG": 2.1211210741097655,
        "LL": 0.4077133477256494
    },
    "grayscale_14_housebeautiful.jpg": {
        "AUC": 0.8092447916666667,
        "NSS": 3.111067056309548,
        "IG": 9.774224425230162,
        "LL": 0.5908578176487207
    },
    "grayscale_14_kitchen.jpg": {
        "AUC": 0.779079861111111,
        "NSS": 0.2330228402188982,
        "IG": 1.9987132750951417,
        "LL": 0.03311865756464331
    },
    "grayscale_14_oliva.jpg": {
        "AUC": 0.5381510416666667,
        "NSS": 0.0740203070850521,
        "IG": 2.0942117138468515,
        "LL": -0.24150926375578052
    },
    "grayscale_15_housebeautiful.jpg": {
        "AUC": 0.9345703125,
        "NSS": 3.998189285158854,
        "IG": 1.1868133446292966,
        "LL": 1.0778072453550722
    },
    "grayscale_15_kitchen.jpg": {
        "AUC": 0.8079427083333334,
        "NSS": 1.9940347309172075,
        "IG": 2.880205552575584,
        "LL": 0.46029981573602274
    },
    "grayscale_15_oliva.jpg": {
        "AUC": 0.8297887731481483,
        "NSS": 1.3931910091925717,
        "IG": 1.0449854860050853,
        "LL": 0.26029325923513486
    },
    "grayscale_15_opensource.jpg": {
        "AUC": 0.432421875,
        "NSS": 0.018025689477464905,
        "IG": 2.413857702800278,
        "LL": -0.48906257611984183
    },
    "grayscale_16_housebeautiful.jpg": {
        "AUC": 0.6436197916666667,
        "NSS": 1.045468752678127,
        "IG": 1.766319211020407,
        "LL": 0.24989241935824733
    },
    "grayscale_16_oliva.jpg": {
        "AUC": 0.9088541666666667,
        "NSS": 1.6106643488945651,
        "IG": 0.40780780554323526,
        "LL": 0.6672972333803573
    },