{
    "grayscale_1_housebeautiful.jpg": {
        "AUC": 0.8636955492424242,
        "NSS": 1.8648582118550776,
        "IG": 4.367318520015149,
        "LL": 0.37269094919260937
    },
    "grayscale_1_kitchen.jpg": {
        "AUC": 0.9147135416666666,
        "NSS": 2.1229158189215545,
        "IG": 0.5204302246039586,
        "LL": 0.7319531386498692
    },
    "grayscale_1_oliva.jpg": {
        "AUC": 0.7467447916666666,
        "NSS": 0.18331021586827442,
        "IG": 1.5118998958507872,
        "LL": 0.07505328482817457
    },
    "grayscale_1_opensource.jpg": {
        "AUC": 0.439453125,
        "NSS": 0.0,
        "IG": 3.341807407919047,
        "LL": -0.46275110384745677
    },
    "grayscale_2_housebeautiful.jpg": {
        "AUC": 0.8694010416666667,
        "NSS": 3.2605452927521457,
        "IG": 0.4410981118913339,
        "LL": 0.9731518055188273
    },
    "grayscale_2_oliva.jpg": {
        "AUC": 0.6829427083333334,
        "NSS": 1.3439853252815857,
        "IG": 2.992298136104535,
        "LL": -0.024801217331711218
    },
    "grayscale_2_opensource.jpg": {
        "AUC": 0.5914713541666666,
        "NSS": 0.6820553793733208,
        "IG": 0.573824084177577,
        "LL": 0.14887804464060617
    },
    "grayscale_3_kitchen.jpg": {
        "AUC": 0.863374255952381,
        "NSS": 1.6267251653996817,
        "IG": 2.1024292926537447,
        "LL": 0.5314408424011494
    },
    "grayscale_3_oliva.jpg": {
        "AUC": 0.9811197916666666,
        "NSS": 5.385581200229379,
        "IG": 1.5940107160231722,
        "LL": 1.3487828549327734
    },
    "grayscale_3_other.jpg": {
        "AUC": 0.8831380208333334,
        "NSS": 2.40892487485147,
        "IG": 1.158110165039195,
        "LL": 1.1254691568695798
    },
    "grayscale_4_oliva.jpg": {
        "AUC": 0.833984375,
        "NSS": 1.258699418484304,
        "IG": 0.9633223367877117,
        "LL": 0.5811488232694666
    },
    "grayscale_4_other.jpg": {
        "AUC": 0.6245349702380951,
        "NSS": 0.22633978321929363,
        "IG": 2.091071147295664,
        "LL": -0.06630463166741153
    },
    "grayscale_5_housebeautiful.jpg": {
        "AUC": 0.9795572916666666,
        "NSS": 4.629391441417292,
        "IG": -1.2509417846729958,
        "LL": 0.7846289914203612
    },
    "grayscale_5_oliva.jpg": {
        "AUC": 0.9203559027777777,
        "NSS": 2.7530879230579415,
        "IG": -0.43030770819781355,
        "LL": 0.4719883610721247
    },
    "grayscale_5_opensource.jpg": {
        "AUC": 0.6540965544871795,
        "NSS": 0.5178634686816425,
        "IG": 2.672160782399767,
        "LL": 0.007482140703326961
    },
    "grayscale_6_airbnb.jpg": {
        "AUC": 0.7411644345238095,
        "NSS": 1.7215802648417917,
        "IG": 2.5376991385061887,
        "LL": 0.34024109060391516
    },
    "grayscale_6_oliva.jpg": {
        "AUC": 0.8608940972222222,
        "NSS": 0.7950201082125427,
        "IG": 0.5394068666285294,
        "LL": 0.5249127514554104
    },
    "grayscale_6_opensource.jpg": {
        "AUC": 0.7595653044871795,
        "NSS": 1.148206244565562,
        "IG": 0.4150738921163694,
        "LL": 0.47282613441490223
    },
    "grayscale_6_other.jpg": {
        "AUC": 0.7469618055555555,
        "NSS": 0.46542177234903087,
        "IG": 0.6745829715568158,
        "LL": 0.02162955819022727
    },
    "grayscale_7_housebeautiful.jpg": {
        "AUC": 0.288671875,
        "NSS": 0.44101622365108273,
        "IG": 2.54811367439724,
        "LL": -0.22285489741354053
    },
    "grayscale_7_kitchen.jpg": {
        "AUC": 0.5885416666666666,
        "NSS": 0.10779487488241452,
        "IG": 1.7385348006829018,
        "LL": -0.08525266325091459
    },
    "grayscale_8_kitchen.jpg": {
        "AUC": 0.9814453125,
        "NSS": 4.1957414831853175,
        "IG": 1.3883802437905377,
        "LL": 1.1209042979372694
    },
    "grayscale_8_oliva.jpg": {
        "AUC": 0.8610026041666667,
        "NSS": 2.8431809355592303,
        "IG": 3.6775748384415947,
        "LL": 0.5189481792496253
    },
    "grayscale_9_other.jpg": {
        "AUC": 0.5288628472222222,
        "NSS": 0.16332880897045873,
        "IG": 2.463901758383857,
        "LL": -0.13423242798382398
    },
    "grayscale_10_housebeautiful.jpg": {
        "AUC": 0.6575520833333333,
        "NSS": 0.6546000832422278,
        "IG": 2.7812978378531086,
        "LL": 0.19270699998098095
    },
    "grayscale_10_kitchen.jpg": {
        "AUC": 0.48616536458333337,
        "NSS": 0.12330552625697475,
        "IG": 1.9467379587811238,
        "LL": -0.20881452365623154
    },
    "grayscale_10_oliva.jpg": {
        "AUC": 0.6538962339743589,
        "NSS": 0.8971633955409614,
        "IG": 1.58270677825768,
        "LL": 0.07501064357702839
    },
    "grayscale_10_opensource.jpg": {
        "AUC": 0.9482421875,
        "NSS": 3.0035708104795003,
        "IG": -0.5379853211492869,
        "LL": 0.6615183196713561
    },
    "grayscale_11_kitchen.jpg": {
        "AUC": 0.8430989583333334,
        "NSS": 1.4390396339357308,
        "IG": -0.8773605533739497,
        "LL": 0.5762393377934061
    },
    "grayscale_11_oliva.jpg": {
        "AUC": 0.8838975694444445,
        "NSS": 2.9019220680043087,
        "IG": -0.35393478109090876,
        "LL": 0.3826791912914391
    },
    "grayscale_11_opensource.jpg": {
        "AUC": 0.8049045138888888,
        "NSS": 0.5487079329675888,
        "IG": -0.20138674214314514,
        "LL": 0.2942031214963012
    },
    "grayscale_12_housebeautiful.jpg": {
        "AUC": 0.870703125,
        "NSS": 1.6568505830560967,
        "IG": 0.3515821925572613,
        "LL": 0.44923507747162467
    },
    "grayscale_13_kitchen.jpg": {
        "AUC": 0.671802662037037,
        "NSS": 0.6967436429805383,
        "IG": 0.7629861030366523,
        "LL": 0.18075374788221796
    },
    "grayscale_13_oliva.jpg": {
        "AUC": 0.8053385416666666,
        "NSS": 1.7324806820220189,
        "IG": 0.39810768555915593,
        "LL": 0.7102551160371995
    },
    "grayscale_13_other.jpg": {
        "AUC": 0.923828125,
        "NSS": 2.1160244593101685,
        "IG": -0.4706700202291441,
        "LL": 0.5669473294341927
    },
    "grayscale_14_airbnb.jpg": {
        "AUC": 0.6797375801282051,
        "NSS": 0.7518887830535779,
        "IG": 1.2346097270326173,
        "LL": 0.19420332722421418
    },
    "grayscale_14_housebeautiful.jpg": {
        "AUC": 0.935546875,
        "NSS": 3.9447846638223423,
        "IG": 5.317996461004599,
        "LL": 0.8284420028142128
    },
    "grayscale_14_kitchen.jpg": {
        "AUC": 0.7442589962121212,
        "NSS": 1.3127487982000936,
        "IG": 1.1730430549128998,
        "LL": 0.2771532610403693
    },
    "grayscale_14_oliva.jpg": {
        "AUC": 0.8572048611111112,
        "NSS": 1.7357202833375895,
        "IG": 1.4832173306922478,
        "LL": 0.5448598767302973
    },
    "grayscale_15_housebeautiful.jpg": {
        "AUC": 0.7692522321428571,
        "NSS": 2.0572919962084604,
        "IG": 3.4188688824473425,
        "LL": 0.4236931569473161
    },
    "grayscale_15_kitchen.jpg": {
        "AUC": 0.8834635416666666,
        "NSS": 1.5239196566175344,
        "IG": 2.4897635237502262,
        "LL": 0.6058288120758517
    },
    "grayscale_15_oliva.jpg": {
        "AUC": 0.6013454861111112,
        "NSS": 0.4241757816724982,
        "IG": 0.6756770777503641,
        "LL": -0.009241667155627317
    },
    "grayscale_15_opensource.jpg": {
        "AUC": 0.5836588541666667,
        "NSS": 0.0,
        "IG": 1.1475504303460276,
        "LL": -0.3559443530144524
    },
    "grayscale_16_housebeautiful.jpg": {
        "AUC": 0.38114872685185186,
        "NSS": 0.41838108305843097,
        "IG": 3.0035230454397523,
        "LL": -0.1929138230882342
    },
    "grayscale_16_oliva.jpg": {
        "AUC": 0.9415364583333334,
        "NSS": 2.829220903351021,
        "IG": -0.0794571092463304,
        "LL": 0.6225874222664143
    },