{
    "grayscale_1_housebeautiful.jpg": {
        "AUC": 0.7024739583333333,
        "NSS": 1.8588948007886952,
        "IG": 1.8489681055331768,
        "LL": 0.5475671877318715
    },
    "grayscale_1_kitchen.jpg": {
        "AUC": 0.8998697916666666,
        "NSS": 3.061932625393262,
        "IG": 0.6390699049709211,
        "LL": 0.28411804054816014
    },
    "grayscale_1_oliva.jpg": {
        "AUC": 0.5999348958333333,
        "NSS": 0.0,
        "IG": 2.405361591282426,
        "LL": -0.1644725590456928
    },
    "grayscale_1_opensource.jpg": {
        "AUC": 0.9720052083333333,
        "NSS": 2.141357698037693,
        "IG": 0.42824987373531265,
        "LL": 0.7367647107084787
    },
    "grayscale_2_housebeautiful.jpg": {
        "AUC": 0.5412326388888888,
        "NSS": 0.2102974912676033,
        "IG": 0.7622593423871967,
        "LL": -0.11848822959951703
    },
    "grayscale_2_oliva.jpg": {
        "AUC": 0.9326171874999999,
        "NSS": 3.6949497158572724,
        "IG": 3.583476837182426,
        "LL": 0.6530563858762157
    },
    "grayscale_2_opensource.jpg": {
        "AUC": 0.857421875,
        "NSS": 1.2586057580606562,
        "IG": 2.4913758860541453,
        "LL": 0.5237277218362824
    },
    "grayscale_3_kitchen.jpg": {
        "AUC": 0.9150390625,
        "NSS": 1.4327569453376556,
        "IG": 3.4304684704268964,
        "LL": 0.5307162899255102
    },
    "grayscale_3_oliva.jpg": {
        "AUC": 0.5813802083333334,
        "NSS": 0.450559413914034,
        "IG": 1.8230474236488472,
        "LL": -0.002632695190460943
    },
    "grayscale_3_other.jpg": {
        "AUC": 0.8342013888888888,
        "NSS": 1.98053444941384,
        "IG": -1.1211376353283198,
        "LL": 0.3468172743449651
    },
    "grayscale_4_oliva.jpg": {
        "AUC": 0.8815104166666666,
        "NSS": 2.210167839875259,
        "IG": -0.7426669075736498,
        "LL": 0.9322917632226586
    },
    "grayscale_4_other.jpg": {
        "AUC": 0.9615885416666666,
        "NSS": 4.57396491757176,
        "IG": 1.0289846558953808,
        "LL": 0.9855283254718478
    },
    "grayscale_5_housebeautiful.jpg": {
        "AUC": 0.8977864583333333,
        "NSS": 1.7763046752900462,
        "IG": -0.9465659158577053,
        "LL": 0.9840859252068703
    },
    "grayscale_5_oliva.jpg": {
        "AUC": 0.7595052083333333,
        "NSS": 1.1044058991859027,
        "IG": 0.0731873137129572,
        "LL": 0.3891097292090301
    },
    "grayscale_6_airbnb.jpg": {
        "AUC": 0.5413411458333333,
        "NSS": 0.0,
        "IG": 0.3169789844979918,
        "LL": -0.1461853203803174
    },
    "grayscale_6_oliva.jpg": {
        "AUC": 0.9449869791666666,
        "NSS": 4.114084801080121,
        "IG": -0.3801021725712044,
        "LL": 0.7145565033442294
    },
    "grayscale_6_opensource.jpg": {
        "AUC": 0.7392578125,
        "NSS": 1.5516976621631196,
        "IG": 1.5856504080869573,
        "LL": 0.5701174340431485
    },
    "grayscale_6_other.jpg": {
        "AUC": 0.6861255787037037,
        "NSS": 1.195312171040167,
        "IG": 0.7948345506286905,
        "LL": 0.32029675805134555
    },
    "grayscale_7_housebeautiful.jpg": {
        "AUC": 0.6838107638888888,
        "NSS": 0.777537786411367,
        "IG": 0.40076998763852245,
        "LL": 0.1834395145378712
    },
    "grayscale_7_kitchen.jpg": {
        "AUC": 0.512109375,
        "NSS": 0.547114632882606,
        "IG": 0.6656770452739545,
        "LL": -0.0844241016836949
    },
    "grayscale_8_kitchen.jpg": {
        "AUC": 0.9611545138888888,
        "NSS": 2.9211807014667293,
        "IG": 1.8608502869956514,
        "LL": 0.7280165320794397
    },
    "grayscale_8_oliva.jpg": {
        "AUC": 0.7928385416666667,
        "NSS": 1.8150347688871613,
        "IG": 2.659294449498058,
        "LL": 0.26647611665264676
    },
    "grayscale_9_other.jpg": {
        "AUC": 0.6204427083333334,
        "NSS": 0.5697147636562111,
        "IG": 1.1394685521109242,
        "LL": 0.08420742593109658
    },
    "grayscale_10_housebeautiful.jpg": {
        "AUC": 0.6575520833333334,
        "NSS": 0.7825964320461514,
        "IG": 2.57550102302713,
        "LL": 0.2504719739116785
    },
    "grayscale_10_kitchen.jpg": {
        "AUC": 0.7976707175925927,
        "NSS": 0.2167159714906347,
        "IG": 0.022062222765863657,
        "LL": 0.09381223279010303
    },
    "grayscale_10_oliva.jpg": {
        "AUC": 0.3608072916666667,
        "NSS": 0.0043610368844139895,
        "IG": 2.9541117504854655,
        "LL": -0.40804258282243816
    },
    "grayscale_10_opensource.jpg": {
        "AUC": 0.9986979166666667,
        "NSS": 7.05433202027128,
        "IG": 0.3737787251884632,
        "LL": 1.797822745074622
    },
    "grayscale_11_kitchen.jpg": {
        "AUC": 0.6233723958333334,
        "NSS": 1.13516789401254,
        "IG": 0.3989594941787207,
        "LL": 0.2742121774362076
    },
    "grayscale_11_oliva.jpg": {
        "AUC": 0.9000186011904762,
        "NSS": 2.4901837606636827,
        "IG": 0.18196972821903135,
        "LL": 0.30744898198541876
    },
    "grayscale_11_opensource.jpg": {
        "AUC": 0.7106119791666666,
        "NSS": 0.2390771244127201,
        "IG": 0.17337718740014196,
        "LL": 0.01404315357857211
    },
    "grayscale_12_housebeautiful.jpg": {
        "AUC": 0.8727213541666666,
        "NSS": 3.513511139348416,
        "IG": 0.7193033345118812,
        "LL": 0.7590573024308808
    },
    "grayscale_13_kitchen.jpg": {
        "AUC": 0.8474392361111112,
        "NSS": 0.7780758881026437,
        "IG": -0.06431068492856855,
        "LL": 0.39688272833532007
    },
    "grayscale_13_oliva.jpg": {
        "AUC": 0.8673177083333334,
        "NSS": 1.779731846774108,
        "IG": 0.7526827232112222,
        "LL": 0.4008803791200709
    },
    "grayscale_13_other.jpg": {
        "AUC": 0.9375,
        "NSS": 1.5396410885598477,
        "IG": 0.22523870289929526,
        "LL": 0.23366117019314547
    },
    "grayscale_14_airbnb.jpg": {
        "AUC": 0.36865234375,
        "NSS": 0.20605090776074222,
        "IG": 2.655699243020588,
        "LL": -0.19873656560083264
    },
    "grayscale_14_kitchen.jpg": {
        "AUC": 0.8522135416666666,
        "NSS": 0.8742578348976344,
        "IG": -0.12681488570389482,
        "LL": 0.3706363425095617
    },
    "grayscale_14_oliva.jpg": {
        "AUC": 0.6360677083333333,
        "NSS": 1.440072802588657,
        "IG": 1.870101616757981,
        "LL": 0.3285211564540191
    },
    "grayscale_15_housebeautiful.jpg": {
        "AUC": 0.5462239583333334,
        "NSS": 0.062045965737015325,
        "IG": 3.1804162054350082,
        "LL": -0.24959960137943504
    },
    "grayscale_15_kitchen.jpg": {
        "AUC": 0.9016927083333334,
        "NSS": 3.804580269455991,
        "IG": 3.096530800832124,
        "LL": 1.1129290439704593
    },
    "grayscale_15_oliva.jpg": {
        "AUC": 0.93701171875,
        "NSS": 2.891751722083412,
        "IG": 0.2008710908902145,
        "LL": 0.4424423473759369
    },
    "grayscale_15_opensource.jpg": {
        "AUC": 0.953125,
        "NSS": 3.5188556920806975,
        "IG": -0.8954788580508848,
        "LL": 0.26933707594862266
    },
    "grayscale_16_housebeautiful.jpg": {
        "AUC": 0.9529947916666666,
        "NSS": 3.6468801687649446,
        "IG": 2.0885561332176166,
        "LL": 1.3457574763730942
    },
    "grayscale_16_oliva.jpg": {
        "AUC": 0.9518229166666667,
        "NSS": 5.032200898100331,
        "IG": 0.5325828391834255,
        "LL": 0.7166760663451397
    },
    "grayscale_16_opensource.jpg": {
        "AUC": 0.8023623511904762,
        "NSS": 1.4267877766212433,
        "IG": -0.18428962921211195,
        "LL": 0.4568924812140726
    },
    "grayscale_17_oliva.jpg": {
        "AUC": 0.6038411458333334,
        "NSS": 0.10530296226886407,
        "IG": 2.145080451791711,
        "LL": -0.08065650347438336
    },