{
    "grayscale_1_housebeautiful.jpg": {
        "AUC": 0.6946614583333334,
        "NSS": 1.319690726557909,
        "IG": 1.1349000273218928,
        "LL": 0.37186023726135087
    },
    "grayscale_1_kitchen.jpg": {
        "AUC": 0.8935546875,
        "NSS": 2.281609167154742,
        "IG": 0.5737199781373097,
        "LL": 0.931470566034448
    },
    "grayscale_1_oliva.jpg": {
        "AUC": 0.5149739583333333,
        "NSS": 1.6582389411728036,
        "IG": 3.6511133168876446,
        "LL": 0.4624583182568722
    },
    "grayscale_1_opensource.jpg": {
        "AUC": 0.3771701388888889,
        "NSS": 0.11502965098501133,
        "IG": 1.7584837957198807,
        "LL": 0.049994061346174234
    },
    "grayscale_2_housebeautiful.jpg": {
        "AUC": 0.490234375,
        "NSS": 1.1753139243696922,
        "IG": 1.3557007451715657,
        "LL": 0.23117460559329453
    },
    "grayscale_2_oliva.jpg": {
        "AUC": 0.851171875,
        "NSS": 1.5884732421604628,
        "IG": 2.4466958811920105,
        "LL": 0.3595138767039064
    },
    "grayscale_2_opensource.jpg": {
        "AUC": 0.8712239583333334,
        "NSS": 1.656565544114729,
        "IG": 1.3589208646673983,
        "LL": 0.6384776139502959
    },
    "grayscale_3_kitchen.jpg": {
        "AUC": 0.7936197916666666,
        "NSS": 2.49286443689412,
        "IG": 2.7457834190439927,
        "LL": 0.5150888781814311
    },
    "grayscale_3_oliva.jpg": {
        "AUC": 0.5514322916666667,
        "NSS": 1.487202292143388,
        "IG": 3.7280163103704886,
        "LL": 0.3193527852907583
    },
    "grayscale_3_other.jpg": {
        "AUC": 0.38576722756410253,
        "NSS": 0.31226532975712107,
        "IG": 1.8962731863203517,
        "LL": -0.3993049168332142
    },
    "grayscale_4_oliva.jpg": {
        "AUC": 0.7757161458333333,
        "NSS": 1.1009782666696533,
        "IG": -0.08554699164602231,
        "LL": 0.4855490795860189
    },
    "grayscale_4_other.jpg": {
        "AUC": 0.9147135416666666,
        "NSS": 1.4096621519216017,
        "IG": -0.37813847335833817,
        "LL": 0.16609817725673479
    },
    "grayscale_5_housebeautiful.jpg": {
        "AUC": 0.962890625,
        "NSS": 1.4939912363397059,
        "IG": -2.43093662001733,
        "LL": 0.35993984271327834
    },
    "grayscale_5_oliva.jpg": {
        "AUC": 0.9216579861111112,
        "NSS": 1.8827147591336206,
        "IG": -1.4053843414788272,
        "LL": 0.4663599189415854
    },
    "grayscale_5_opensource.jpg": {
        "AUC": 0.5501302083333334,
        "NSS": 1.528994386857495,
        "IG": 2.8856591737482478,
        "LL": 0.05067065839519769
    },
    "grayscale_6_airbnb.jpg": {
        "AUC": 0.439453125,
        "NSS": 0.07944532482842413,
        "IG": 1.8550516041228178,
        "LL": -0.1156406643945503
    },
    "grayscale_6_oliva.jpg": {
        "AUC": 0.7345920138888888,
        "NSS": 1.6379720015265395,
        "IG": 0.9849461114463018,
        "LL": 0.2725239627537877
    },
    "grayscale_6_opensource.jpg": {
        "AUC": 0.7434895833333334,
        "NSS": 0.8209308062442078,
        "IG": 1.6599814841029146,
        "LL": 0.3128412311932405
    },
    "grayscale_6_other.jpg": {
        "AUC": 0.801171875,
        "NSS": 0.23159825699602848,
        "IG": 0.9574609898235543,
        "LL": 0.05051703658360722
    },
    "grayscale_7_housebeautiful.jpg": {
        "AUC": 0.8434244791666666,
        "NSS": 1.7639014850813872,
        "IG": 0.5385877507662804,
        "LL": 0.36808430637552547
    },
    "grayscale_7_kitchen.jpg": {
        "AUC": 0.8693266369047619,
        "NSS": 2.511882527322684,
        "IG": 0.2798890195962273,
        "LL": 0.6820776836196475
    },
    "grayscale_8_kitchen.jpg": {
        "AUC": 0.8994140625,
        "NSS": 2.9481592986719294,
        "IG": 0.8095853259392776,
        "LL": 0.34442364821970717
    },
    "grayscale_8_oliva.jpg": {
        "AUC": 0.728515625,
        "NSS": 1.4331149105992271,
        "IG": 2.856710820043133,
        "LL": 0.12335106435036221
    },
    "grayscale_9_other.jpg": {
        "AUC": 0.587890625,
        "NSS": 0.7524020897110116,
        "IG": 1.2400324708323636,
        "LL": 0.19066609726634356
    },
    "grayscale_10_housebeautiful.jpg": {
        "AUC": 0.2874098557692308,
        "NSS": 0.055699444436984505,
        "IG": 3.893420209589372,
        "LL": -0.3471703455135697
    },
    "grayscale_10_kitchen.jpg": {
        "AUC": 0.7326388888888888,
        "NSS": 1.2819884082058788,
        "IG": 0.11812348300595425,
        "LL": 0.5360123860186509
    },
    "grayscale_10_oliva.jpg": {
        "AUC": 0.42238136574074076,
        "NSS": 0.47444986035762554,
        "IG": 1.5652967453524935,
        "LL": -0.22141214012299126
    },
    "grayscale_10_opensource.jpg": {
        "AUC": 0.9947916666666667,
        "NSS": 6.299199518826866,
        "IG": 0.02921423169543047,
        "LL": 1.5317279315043821
    },
    "grayscale_11_kitchen.jpg": {
        "AUC": 0.6722005208333334,
        "NSS": 0.6805391848772955,
        "IG": 0.07095547242656641,
        "LL": 0.18771362954996684
    },
    "grayscale_11_oliva.jpg": {
        "AUC": 0.8873697916666667,
        "NSS": 2.3928966701116843,
        "IG": -0.01724646300158125,
        "LL": 0.5410263530676864
    },
    "grayscale_11_opensource.jpg": {
        "AUC": 0.5657552083333334,
        "NSS": 0.0,
        "IG": 3.2219713273499866,
        "LL": -0.4048658362498448
    },
    "grayscale_12_housebeautiful.jpg": {
        "AUC": 0.3416967147435897,
        "NSS": 0.019303066656674993,
        "IG": 3.4007595061465756,
        "LL": -0.14505114198712435
    },
    "grayscale_13_kitchen.jpg": {
        "AUC": 0.8097330729166667,
        "NSS": 1.1108147505169794,
        "IG": 0.44577294752888963,
        "LL": 0.4064742095088877
    },
    "grayscale_13_oliva.jpg": {
        "AUC": 0.8698846726190476,
        "NSS": 1.6929292151848097,
        "IG": 1.0312400260424537,
        "LL": 0.46807055360449634
    },
    "grayscale_13_other.jpg": {
        "AUC": 0.5556278935185186,
        "NSS": 0.4046050925629408,
        "IG": 1.4081208339933033,
        "LL": -0.14079566772299146
    },
    "grayscale_14_airbnb.jpg": {
        "AUC": 0.7173394097222222,
        "NSS": 1.402646702319033,
        "IG": 2.12839046400317,
        "LL": 0.2577938834074794
    },
    "grayscale_14_housebeautiful.jpg": {
        "AUC": 0.37248883928571425,
        "NSS": 0.23422703488081584,
        "IG": 14.598917737415615,
        "LL": -0.027140783884880854
    },
    "grayscale_14_kitchen.jpg": {
        "AUC": 0.44876802884615385,
        "NSS": 0.47514803849915643,
        "IG": 2.5168970825141797,
        "LL": -0.08910104144144772
    },
    "grayscale_14_oliva.jpg": {
        "AUC": 0.6479724702380951,
        "NSS": 0.8185698343783537,
        "IG": 2.248707686729178,
        "LL": 0.2854747977238196
    },
    "grayscale_15_housebeautiful.jpg": {
        "AUC": 0.465234375,
        "NSS": 0.4528654473263679,
        "IG": 2.771490270923133,
        "LL": -0.15249599861887048
    },
    "grayscale_15_kitchen.jpg": {
        "AUC": 0.9029947916666666,
        "NSS": 2.981795680441033,
        "IG": 0.664361851807597,
        "LL": 0.799111187719551
    },
    "grayscale_15_oliva.jpg": {
        "AUC": 0.9246961805555555,
        "NSS": 1.8343039218470638,
        "IG": 0.7024476490255704,
        "LL": 0.9472517461350544
    },
    "grayscale_15_opensource.jpg": {
        "AUC": 0.8740885416666666,
        "NSS": 1.7784312258285049,
        "IG": 0.2440170734693913,
        "LL": 0.8550012355247073
    },
    "grayscale_16_housebeautiful.jpg": {
        "AUC": 0.59765625,
        "NSS": 0.21551346094563228,
        "IG": 1.7985358014293364,
        "LL": -0.22208617640538098
    },
    "grayscale_16_oliva.jpg": {
        "AUC": 0.9095052083333334,
        "NSS": 3.28461847800209,
        "IG": 0.32997749406077653,
        "LL": 0.6704956950785359
    },