{
    "grayscale_1_housebeautiful.jpg": {
        "AUC": 0.6477864583333334,
        "NSS": 0.05898492855761018,
        "IG": 0.9094922458929604,
        "LL": -0.08660680669438836
    },
    "grayscale_1_kitchen.jpg": {
        "AUC": 0.791015625,
        "NSS": 0.6080972194555706,
        "IG": 0.996544498242601,
        "LL": 0.29225442431706217
    },
    "grayscale_1_oliva.jpg": {
        "AUC": 0.6907552083333334,
        "NSS": 0.9735434361776082,
        "IG": 1.9484277243667327,
        "LL": 0.3419007682624097
    },
    "grayscale_1_opensource.jpg": {
        "AUC": 0.6608072916666666,
        "NSS": 0.8951959910280233,
        "IG": 1.4783765399809041,
        "LL": 0.10792995228199054
    },
    "grayscale_2_housebeautiful.jpg": {
        "AUC": 0.984375,
        "NSS": 4.131552246263228,
        "IG": -0.44618919083395037,
        "LL": 1.4924675550479223
    },
    "grayscale_2_oliva.jpg": {
        "AUC": 0.7697482638888888,
        "NSS": 0.30393772089118226,
        "IG": 0.1021865991239063,
        "LL": 0.16060504912976606
    },
    "grayscale_2_opensource.jpg": {
        "AUC": 0.37141927083333337,
        "NSS": 0.8240157794434607,
        "IG": 2.962907013046327,
        "LL": -0.14839652492980404
    },
    "grayscale_3_kitchen.jpg": {
        "AUC": 0.837890625,
        "NSS": 1.0716306296538356,
        "IG": 3.476896288322883,
        "LL": 0.3081351350167041
    },
    "grayscale_3_oliva.jpg": {
        "AUC": 0.4823217147435898,
        "NSS": 0.04565441569485178,
        "IG": 1.6692202793744986,
        "LL": -0.12171170854048032
    },
    "grayscale_3_other.jpg": {
        "AUC": 0.9055989583333334,
        "NSS": 1.4703928342985517,
        "IG": -0.8087775386415231,
        "LL": 0.9840731338490887
    },
    "grayscale_4_oliva.jpg": {
        "AUC": 0.7732204861111112,
        "NSS": 0.7510928927081406,
        "IG": 0.8553927037591879,
        "LL": 0.29006214147912335
    },
    "grayscale_4_other.jpg": {
        "AUC": 0.9765625,
        "NSS": 3.8011780360196443,
        "IG": -0.45139392300982184,
        "LL": 0.565829543262067
    },
    "grayscale_5_housebeautiful.jpg": {
        "AUC": 0.9337239583333334,
        "NSS": 3.4986404160917046,
        "IG": -0.3227956729575972,
        "LL": 1.0407541538068619
    },
    "grayscale_5_oliva.jpg": {
        "AUC": 0.6334635416666667,
        "NSS": 1.0770087023205697,
        "IG": 1.3358037447217468,
        "LL": 0.28427920422688774
    },
    "grayscale_5_opensource.jpg": {
        "AUC": 0.6803385416666666,
        "NSS": 1.5925721175435967,
        "IG": 0.8555204386825375,
        "LL": 0.44514781087224775
    },
    "grayscale_6_airbnb.jpg": {
        "AUC": 0.583984375,
        "NSS": 0.5517488906095017,
        "IG": 1.8162067082828877,
        "LL": 0.10114560301648663
    },
    "grayscale_6_oliva.jpg": {
        "AUC": 0.9622395833333334,
        "NSS": 5.741875581895595,
        "IG": -0.3540069591149093,
        "LL": 0.42673076529252274
    },
    "grayscale_6_opensource.jpg": {
        "AUC": 0.7652744391025641,
        "NSS": 0.8644148070362646,
        "IG": 0.417892744795455,
        "LL": 0.13772657638935934
    },
    "grayscale_6_other.jpg": {
        "AUC": 0.6087239583333334,
        "NSS": 0.0,
        "IG": -0.1946745080166732,
        "LL": -0.42104605034144704
    },
    "grayscale_7_housebeautiful.jpg": {
        "AUC": 0.24153645833333334,
        "NSS": 0.0,
        "IG": -1.5495572195283565,
        "LL": -0.07689449441819285
    },
    "grayscale_7_kitchen.jpg": {
        "AUC": 0.31119791666666663,
        "NSS": 0.3226637836502572,
        "IG": -0.500503654324473,
        "LL": -0.3196728537471891
    },
    "grayscale_8_kitchen.jpg": {
        "AUC": 0.7265625,
        "NSS": 1.5451292914827202,
        "IG": 0.6755321105130347,
        "LL": 0.3390094487531341
    },
    "grayscale_8_oliva.jpg": {
        "AUC": 0.5962611607142857,
        "NSS": 0.3477907304086644,
        "IG": 1.2884018751349973,
        "LL": 0.004134248062418371
    },
    "grayscale_9_other.jpg": {
        "AUC": 0.5719401041666666,
        "NSS": 0.38050617938862835,
        "IG": 1.7237062848911937,
        "LL": 0.007670384150879617
    },
    "grayscale_10_housebeautiful.jpg": {
        "AUC": 0.34396701388888884,
        "NSS": 0.0995138981376963,
        "IG": 4.1987145929549845,
        "LL": -0.3578231662342339
    },
    "grayscale_10_kitchen.jpg": {
        "AUC": 0.7115885416666666,
        "NSS": 0.29064525628107374,
        "IG": 2.869222973958088,
        "LL": 0.06425386702327944
    },
    "grayscale_10_oliva.jpg": {
        "AUC": 0.7994791666666665,
        "NSS": 1.166327158553664,
        "IG": 1.5198836816027343,
        "LL": 0.4790664751301607
    },
    "grayscale_11_kitchen.jpg": {
        "AUC": 0.9307725694444445,
        "NSS": 2.8975843931928282,
        "IG": 0.033894092848075985,
        "LL": 0.26433529737821476
    },
    "grayscale_11_oliva.jpg": {
        "AUC": 0.8439670138888888,
        "NSS": 0.990737199566742,
        "IG": -0.627798270373586,
        "LL": 0.4464454940890559
    },
    "grayscale_11_opensource.jpg": {
        "AUC": 0.8221209490740741,
        "NSS": 1.269841493246217,
        "IG": 0.2745672733344821,
        "LL": 0.5011088279665772
    },
    "grayscale_13_kitchen.jpg": {
        "AUC": 0.7643821022727273,
        "NSS": 0.9768660704472724,
        "IG": 0.26624940786067197,
        "LL": 0.3440567800427514
    },
    "grayscale_13_oliva.jpg": {
        "AUC": 0.9225260416666666,
        "NSS": 1.1927447411710448,
        "IG": -0.39400297859358907,
        "LL": 0.7683748222502516
    },
    "grayscale_13_other.jpg": {
        "AUC": 0.5952690972222222,
        "NSS": 0.2211335943224572,
        "IG": 2.3039549490316666,
        "LL": -0.04866419523594404
    },
    "grayscale_14_airbnb.jpg": {
        "AUC": 0.7292596726190476,
        "NSS": 0.9569008720916187,
        "IG": 0.941487292508192,
        "LL": 0.3128923398984555
    },
    "grayscale_14_housebeautiful.jpg": {
        "AUC": 0.8053385416666666,
        "NSS": 2.785237508233889,
        "IG": 15.917971693522029,
        "LL": 0.5352238910755993
    },
    "grayscale_14_kitchen.jpg": {
        "AUC": 0.46207682291666663,
        "NSS": 0.028157257922912564,
        "IG": 1.631091284565116,
        "LL": -0.2991838504496207
    },
    "grayscale_14_oliva.jpg": {
        "AUC": 0.859375,
        "NSS": 0.8350999948103974,
        "IG": 0.5900657749402933,
        "LL": 0.5227370619899716
    },
    "grayscale_15_housebeautiful.jpg": {
        "AUC": 0.8416341145833334,
        "NSS": 1.8953838332922401,
        "IG": 0.7791868006738447,
        "LL": 0.4503040374948415
    },
    "grayscale_15_oliva.jpg": {
        "AUC": 0.794921875,
        "NSS": 0.8725944388598823,
        "IG": 0.31552156473941473,
        "LL": 0.46061714096356443
    },
    "grayscale_15_opensource.jpg": {
        "AUC": 0.9306640625,
        "NSS": 2.6068648402625847,
        "IG": -0.581336382843509,
        "LL": 0.5225289668970481
    },
    "grayscale_16_housebeautiful.jpg": {
        "AUC": 0.9381510416666666,
        "NSS": 2.2580240194063013,
        "IG": 1.9528746987712058,
        "LL": 0.79107381926432
    },
    "grayscale_16_oliva.jpg": {
        "AUC": 0.8391927083333334,
        "NSS": 0.65193811273937,
        "IG": 0.5117457832926918,
        "LL": 0.2885747484178456
    },
    "grayscale_16_opensource.jpg": {
        "AUC": 0.9130859375,
        "NSS": 0.5502771592585678,
        "IG": 1.7968425763262899,
        "LL": 0.07212491248430464
    },
    "grayscale_17_oliva.jpg": {
        "AUC": 0.966796875,
        "NSS": 3.3605401505323704,
        "IG": -0.14027593102633892,
        "LL": 1.3296557273254057
    },
    "grayscale_17_opensource.jpg": {
        "AUC": 0.83203125,
        "NSS": 0.782027602633977,
        "IG": 0.8507490637483848,
        "LL": 0.42878024799799874
    },