{
    "grayscale_1_housebeautiful.jpg": {
        "AUC": 0.6400741185897435,
        "NSS": 0.7636588383686352,
        "IG": 0.8896001551229863,
        "LL": 0.19714252249370398
    },
    "grayscale_1_kitchen.jpg": {
        "AUC": 0.5462239583333334,
        "NSS": 0.5178906402261543,
        "IG": 2.1000459111358234,
        "LL": -0.036806922269612574
    },
    "grayscale_1_oliva.jpg": {
        "AUC": 0.832248263888889,
        "NSS": 1.2420567682429309,
        "IG": -0.7641390470690773,
        "LL": 0.560171584818336
    },
    "grayscale_1_opensource.jpg": {
        "AUC": 0.689453125,
        "NSS": 1.424672686146729,
        "IG": 1.6375802782526612,
        "LL": 0.6319648000041771
    },
    "grayscale_2_housebeautiful.jpg": {
        "AUC": 0.9485677083333334,
        "NSS": 2.877962867984343,
        "IG": -0.4859225468993804,
        "LL": 1.1868012950499143
    },
    "grayscale_2_oliva.jpg": {
        "AUC": 0.9086371527777777,
        "NSS": 1.8325791355467353,
        "IG": 0.33408822893801676,
        "LL": 0.8838913513569029
    },
    "grayscale_2_opensource.jpg": {
        "AUC": 0.7727864583333333,
        "NSS": 1.2424169596996109,
        "IG": -0.22464152263416093,
        "LL": 0.47719942231087276
    },
    "grayscale_3_kitchen.jpg": {
        "AUC": 0.705078125,
        "NSS": 0.30847619224827566,
        "IG": 3.120408865536941,
        "LL": 0.02788422692437879
    },
    "grayscale_3_oliva.jpg": {
        "AUC": 0.8641493055555555,
        "NSS": 2.650351874080036,
        "IG": 0.4740989902677753,
        "LL": 0.7390419731573195
    },
    "grayscale_3_other.jpg": {
        "AUC": 0.8986545138888888,
        "NSS": 2.5488020581117277,
        "IG": 0.7450214588490033,
        "LL": 0.7442210973956355
    },
    "grayscale_4_oliva.jpg": {
        "AUC": 0.8453125,
        "NSS": 1.2344947314856096,
        "IG": 0.6795566001464165,
        "LL": 0.5454134138304576
    },
    "grayscale_5_housebeautiful.jpg": {
        "AUC": 0.970703125,
        "NSS": 3.2368234888987355,
        "IG": -0.14301218756930956,
        "LL": 1.7198331042952786
    },
    "grayscale_5_oliva.jpg": {
        "AUC": 0.6407552083333334,
        "NSS": 0.5763285106634963,
        "IG": 1.7365099761286835,
        "LL": -0.029424225469553277
    },
    "grayscale_5_opensource.jpg": {
        "AUC": 0.9251302083333334,
        "NSS": 1.5550432295760728,
        "IG": 2.2797418629688355,
        "LL": 0.7268694959639568
    },
    "grayscale_6_airbnb.jpg": {
        "AUC": 0.3287760416666667,
        "NSS": 0.28683851810372574,
        "IG": 2.414032732426872,
        "LL": -0.17898175305124703
    },
    "grayscale_6_oliva.jpg": {
        "AUC": 0.5286458333333334,
        "NSS": 2.2286560179669364,
        "IG": 1.432351016732405,
        "LL": 0.6717781317946003
    },
    "grayscale_6_opensource.jpg": {
        "AUC": 0.8283854166666668,
        "NSS": 0.9548823825985746,
        "IG": 0.8909611349184205,
        "LL": 0.44507876437294025
    },
    "grayscale_6_other.jpg": {
        "AUC": 0.8162760416666668,
        "NSS": 1.5990560402546348,
        "IG": -0.06879163960656243,
        "LL": 0.8354172496305168
    },
    "grayscale_7_housebeautiful.jpg": {
        "AUC": 0.7374674479166666,
        "NSS": 2.1178130229364944,
        "IG": 11.192976070294279,
        "LL": 0.37287672395509786
    },
    "grayscale_7_kitchen.jpg": {
        "AUC": 0.5368923611111112,
        "NSS": 0.0034803822247214764,
        "IG": 0.07706237853009827,
        "LL": -0.2728839841619015
    },
    "grayscale_8_oliva.jpg": {
        "AUC": 0.6221788194444444,
        "NSS": 0.3074364277081358,
        "IG": 1.88382938844697,
        "LL": -0.03028235342253301
    },
    "grayscale_9_other.jpg": {
        "AUC": 0.9191778273809523,
        "NSS": 2.5813216074142367,
        "IG": 0.09040212307273622,
        "LL": 0.6056553668885966
    },
    "grayscale_10_housebeautiful.jpg": {
        "AUC": 0.34989872685185186,
        "NSS": 0.1617742291878606,
        "IG": 2.9679975825126372,
        "LL": -0.3279644077265742
    },
    "grayscale_10_kitchen.jpg": {
        "AUC": 0.6172375801282052,
        "NSS": 1.9951673048442644,
        "IG": 0.05633197673883688,
        "LL": 0.6259602348114317
    },
    "grayscale_10_oliva.jpg": {
        "AUC": 0.46896701388888884,
        "NSS": 1.263956778874341,
        "IG": 1.192146205353951,
        "LL": 0.23175584439944608
    },
    "grayscale_10_opensource.jpg": {
        "AUC": 0.5462239583333333,
        "NSS": 1.0531194378006403,
        "IG": 3.128392764406099,
        "LL": 0.20053933903718235
    },
    "grayscale_11_kitchen.jpg": {
        "AUC": 0.7311197916666666,
        "NSS": 1.2032263298639079,
        "IG": -0.7144424155403444,
        "LL": 0.31388154065136104
    },
    "grayscale_11_oliva.jpg": {
        "AUC": 0.8865885416666668,
        "NSS": 1.3787202533762035,
        "IG": -0.29407338302746633,
        "LL": 0.6238975451253601
    },
    "grayscale_11_opensource.jpg": {
        "AUC": 0.7350260416666667,
        "NSS": 0.583689602093703,
        "IG": 0.6757892450640082,
        "LL": 0.20915047606043657
    },
    "grayscale_12_housebeautiful.jpg": {
        "AUC": 0.6163194444444445,
        "NSS": 1.7101814656055832,
        "IG": 3.063955940691818,
        "LL": 0.36001055508929625
    },
    "grayscale_13_kitchen.jpg": {
        "AUC": 0.857638888888889,
        "NSS": 0.8624542555190748,
        "IG": 0.2669726241074404,
        "LL": 0.3721107799569854
    },
    "grayscale_13_oliva.jpg": {
        "AUC": 0.718967013888889,
        "NSS": 0.4558661483029693,
        "IG": 0.6649796512411198,
        "LL": 0.10277537193911505
    },
    "grayscale_13_other.jpg": {
        "AUC": 0.8818359375,
        "NSS": 1.1825071572055337,
        "IG": -0.1303527237562927,
        "LL": 0.5428633360301558
    },
    "grayscale_14_airbnb.jpg": {
        "AUC": 0.49103565705128205,
        "NSS": 0.26496987653533555,
        "IG": 1.9899224554016735,
        "LL": -0.05094559353323328
    },
    "grayscale_14_housebeautiful.jpg": {
        "AUC": 0.4178385416666667,
        "NSS": 0.0,
        "IG": 25.427833413486432,
        "LL": -0.08172718223864842
    },
    "grayscale_14_kitchen.jpg": {
        "AUC": 0.68212890625,
        "NSS": 0.41260737583544715,
        "IG": -0.5588695855967487,
        "LL": -0.04453664985122496
    },
    "grayscale_14_oliva.jpg": {
        "AUC": 0.7890124198717949,
        "NSS": 1.7821722826819875,
        "IG": 1.4119609634047516,
        "LL": 0.518402047758549
    },
    "grayscale_15_housebeautiful.jpg": {
        "AUC": 0.7726004464285714,
        "NSS": 0.9990227185555175,
        "IG": 2.695374719261619,
        "LL": 0.42572457112511525
    },
    "grayscale_15_kitchen.jpg": {
        "AUC": 0.5354817708333334,
        "NSS": 0.05425247846374119,
        "IG": 1.1688816402666342,
        "LL": -0.2609151518797197
    },
    "grayscale_15_oliva.jpg": {
        "AUC": 0.5680338541666666,
        "NSS": 0.39995624441669486,
        "IG": 0.8969494456588722,
        "LL": -0.16931578850392848
    },
    "grayscale_15_opensource.jpg": {
        "AUC": 0.5,
        "NSS": 0.5014012355843288,
        "IG": 0.03890042399129697,
        "LL": -0.1977275971525687
    },
    "grayscale_16_housebeautiful.jpg": {
        "AUC": 0.8194444444444445,
        "NSS": 0.8957442203550867,
        "IG": 1.6542756527708349,
        "LL": 0.43123505145137564
    },
    "grayscale_16_oliva.jpg": {
        "AUC": 0.9442274305555555,
        "NSS": 1.8714657504984975,
        "IG": -0.6030000895172307,
        "LL": 0.771708885221838
    },
    "grayscale_16_opensource.jpg": {
        "AUC": 0.9143880208333334,
        "NSS": 1.922414471831511,
        "IG": 1.8836318383947184,
        "LL": 0.8376988974108075
    },
    "grayscale_17_oliva.jpg": {
        "AUC": 0.7055121527777778,
        "NSS": 0.2854580412793469,
        "IG": 3.3620215087167384,