{
    "grayscale_1_housebeautiful.jpg": {
        "AUC": 0.7024739583333333,
        "NSS": 1.8588948007886952,
        "IG": 1.8489681055331768,
        "LL": 0.5475671877318715
    },
    "grayscale_1_kitchen.jpg": {
        "AUC": 0.875,
        "NSS": 1.6538107736803789,
        "IG": 0.20419296563422606,
        "LL": 0.27818330307116446
    },
    "grayscale_1_oliva.jpg": {
        "AUC": 0.6720920138888888,
        "NSS": 0.0,
        "IG": 1.281523140731793,
        "LL": -0.16319246312916746
    },
    "grayscale_1_opensource.jpg": {
        "AUC": 0.974609375,
        "NSS": 2.87621747137847,
        "IG": 1.3141643736020807,
        "LL": 1.40606390255037
    },
    "grayscale_2_housebeautiful.jpg": {
        "AUC": 0.41558159722222227,
        "NSS": 0.2820534637718609,
        "IG": 0.8811013821050988,
        "LL": 0.00035381011838501547
    },
    "grayscale_2_oliva.jpg": {
        "AUC": 0.8736979166666666,
        "NSS": 1.270297185714233,
        "IG": 2.057172072936778,
        "LL": 0.6827520401598655
    },
    "grayscale_2_opensource.jpg": {
        "AUC": 0.8131510416666667,
        "NSS": 0.7173926106479349,
        "IG": 1.6862544762600127,
        "LL": 0.3036996637306011
    },
    "grayscale_3_kitchen.jpg": {
        "AUC": 0.9008246527777778,
        "NSS": 1.5972729878052252,
        "IG": 3.007636602798181,
        "LL": 0.6513511255327705
    },
    "grayscale_3_oliva.jpg": {
        "AUC": 0.5826822916666667,
        "NSS": 0.4443494605635014,
        "IG": 1.8290112354907022,
        "LL": 0.0033311166513940726
    },
    "grayscale_3_other.jpg": {
        "AUC": 0.8342013888888888,
        "NSS": 1.98053444941384,
        "IG": -1.1211376353283198,
        "LL": 0.3468172743449651
    },
    "grayscale_4_oliva.jpg": {
        "AUC": 0.8815104166666666,
        "NSS": 2.210167839875259,
        "IG": -0.7426669075736498,
        "LL": 0.9322917632226586
    },
    "grayscale_4_other.jpg": {
        "AUC": 0.9440104166666667,
        "NSS": 3.404890709260247,
        "IG": 0.9003117442652497,
        "LL": 0.9040446824971466
    },
    "grayscale_5_housebeautiful.jpg": {
        "AUC": 0.892578125,
        "NSS": 1.7505731283983796,
        "IG": -1.0219895113194357,
        "LL": 0.9086623297451399
    },
    "grayscale_5_oliva.jpg": {
        "AUC": 0.7595052083333333,
        "NSS": 1.1044058991859027,
        "IG": 0.0731873137129572,
        "LL": 0.3891097292090301
    },
    "grayscale_6_airbnb.jpg": {
        "AUC": 0.5413411458333333,
        "NSS": 0.0,
        "IG": 0.3169789844979918,
        "LL": -0.1461853203803174
    },
    "grayscale_6_oliva.jpg": {
        "AUC": 0.9273003472222222,
        "NSS": 3.382138024848038,
        "IG": -0.08900529599984412,
        "LL": 0.9320936850758557
    },
    "grayscale_6_opensource.jpg": {
        "AUC": 0.7356770833333334,
        "NSS": 1.5655956968941078,
        "IG": 1.5848904564846895,
        "LL": 0.5693574824408807
    },
    "grayscale_6_other.jpg": {
        "AUC": 0.6861255787037037,
        "NSS": 1.195312171040167,
        "IG": 0.7948345506286905,
        "LL": 0.32029675805134555
    },
    "grayscale_7_housebeautiful.jpg": {
        "AUC": 0.6838107638888888,
        "NSS": 0.777537786411367,
        "IG": 0.40076998763852245,
        "LL": 0.1834395145378712
    },
    "grayscale_7_kitchen.jpg": {
        "AUC": 0.512109375,
        "NSS": 0.547114632882606,
        "IG": 0.6656770452739545,
        "LL": -0.0844241016836949
    },
    "grayscale_8_kitchen.jpg": {
        "AUC": 0.94921875,
        "NSS": 2.1343833771993515,
        "IG": 1.753578606907097,
        "LL": 0.9974760248966597
    },
    "grayscale_8_oliva.jpg": {
        "AUC": 0.74609375,
        "NSS": 0.3199634499749254,
        "IG": 1.8459608705981907,
        "LL": 0.15699400344302905
    },
    "grayscale_9_other.jpg": {
        "AUC": 0.6194010416666667,
        "NSS": 0.5642442963576766,
        "IG": 1.1420035027857165,
        "LL": 0.0867423766058888
    },
    "grayscale_10_housebeautiful.jpg": {
        "AUC": 0.6575520833333334,
        "NSS": 0.7825964320461514,
        "IG": 2.57550102302713,
        "LL": 0.2504719739116785
    },
    "grayscale_10_kitchen.jpg": {
        "AUC": 0.7976707175925927,
        "NSS": 0.2167159714906347,
        "IG": 0.022062222765863657,
        "LL": 0.09381223279010303
    },
    "grayscale_10_oliva.jpg": {
        "AUC": 0.3608072916666667,
        "NSS": 0.0043610368844139895,
        "IG": 2.9541117504854655,
        "LL": -0.40804258282243816
    },
    "grayscale_10_opensource.jpg": {
        "AUC": 0.998046875,
        "NSS": 5.637371157207778,
        "IG": 0.31641533106538056,
        "LL": 1.7404593509515394
    },
    "grayscale_11_kitchen.jpg": {
        "AUC": 0.3095703125,
        "NSS": 0.3088440843457303,
        "IG": -0.0860746234766736,
        "LL": -0.21082194021918665
    },
    "grayscale_11_oliva.jpg": {
        "AUC": 0.8860677083333334,
        "NSS": 2.0240350539626784,
        "IG": 0.16726826461835373,
        "LL": 0.29956780174420644
    },
    "grayscale_11_opensource.jpg": {
        "AUC": 0.7096354166666667,
        "NSS": 0.239826122747765,
        "IG": 0.17411484039008274,
        "LL": 0.014780806568512883
    },
    "grayscale_12_housebeautiful.jpg": {
        "AUC": 0.8546316964285714,
        "NSS": 2.830655797331447,
        "IG": 0.42362212244686,
        "LL": 0.6040823414665414
    },
    "grayscale_13_kitchen.jpg": {
        "AUC": 0.8313802083333334,
        "NSS": 0.9019967682965626,
        "IG": -1.1068726155444457,
        "LL": 0.40867212492318483
    },
    "grayscale_13_oliva.jpg": {
        "AUC": 0.8385416666666666,
        "NSS": 0.3727268845910261,
        "IG": 0.5054687508815423,
        "LL": 0.259532017852504
    },
    "grayscale_13_other.jpg": {
        "AUC": 0.8912760416666666,
        "NSS": 0.8595447457224377,
        "IG": 0.7559632057627308,
        "LL": 0.4449794357155987
    },
    "grayscale_14_airbnb.jpg": {
        "AUC": 0.2610677083333333,
        "NSS": 0.15833484659517122,
        "IG": 2.3649085125463998,
        "LL": -0.4895272960750203
    },
    "grayscale_14_kitchen.jpg": {
        "AUC": 0.8522135416666666,
        "NSS": 0.8742578348976344,
        "IG": -0.12681488570389482,
        "LL": 0.3706363425095617
    },
    "grayscale_14_oliva.jpg": {
        "AUC": 0.6360677083333333,
        "NSS": 1.440072802588657,
        "IG": 1.870101616757981,
        "LL": 0.3285211564540191
    },
    "grayscale_15_housebeautiful.jpg": {
        "AUC": 0.5462239583333334,
        "NSS": 0.062045965737015325,
        "IG": 3.1804162054350082,
        "LL": -0.24959960137943504
    },
    "grayscale_15_kitchen.jpg": {
        "AUC": 0.8541666666666667,
        "NSS": 3.1137220337262153,
        "IG": 2.5123536571325156,
        "LL": 1.1058684556374008
    },
    "grayscale_15_oliva.jpg": {
        "AUC": 0.9279203869047619,
        "NSS": 2.191212847272983,
        "IG": 0.22129076263369768,
        "LL": 0.4223536064748029
    },
    "grayscale_15_opensource.jpg": {
        "AUC": 0.9381510416666666,
        "NSS": 4.286646751972113,
        "IG": -0.2676764332368468,
        "LL": 0.35519539263261696
    },
    "grayscale_16_housebeautiful.jpg": {
        "AUC": 0.9420572916666667,
        "NSS": 2.5041738109075817,
        "IG": 1.5339466059091469,
        "LL": 1.2494372798724187
    },
    "grayscale_16_oliva.jpg": {
        "AUC": 0.904296875,
        "NSS": 1.0747727404519838,
        "IG": 0.34832729454251243,
        "LL": 0.5324205217042266
    },
    "grayscale_16_opensource.jpg": {
        "AUC": 0.30533854166666663,
        "NSS": 0.9722080410056362,
        "IG": -1.0394990758045188,
        "LL": -0.39831696537833416
    },
    "grayscale_17_oliva.jpg": {
        "AUC": 0.6038411458333334,
        "NSS": 0.10530296226886407,
        "IG": 2.145080451791711,
        "LL": -0.08065650347438336
    },