{
    "grayscale_1_housebeautiful.jpg": {
        "AUC": 0.690625,
        "NSS": 0.8521356485173047,
        "IG": 0.733072688360536,
        "LL": 0.20937007354601161
    },
    "grayscale_1_kitchen.jpg": {
        "AUC": 0.4454427083333333,
        "NSS": 0.264964916986405,
        "IG": 2.0461476170283546,
        "LL": -0.12374598767096039
    },
    "grayscale_1_oliva.jpg": {
        "AUC": 0.7523871527777778,
        "NSS": 1.1049537835282954,
        "IG": 3.1096631235751944,
        "LL": 0.4103163462124284
    },
    "grayscale_1_opensource.jpg": {
        "AUC": 0.31803385416666663,
        "NSS": 0.0,
        "IG": 4.1677711156016874,
        "LL": -0.533310791849356
    },
    "grayscale_2_housebeautiful.jpg": {
        "AUC": 0.9542100694444443,
        "NSS": 3.2006859325109573,
        "IG": -0.13911089846762822,
        "LL": 1.2879651250639197
    },
    "grayscale_2_oliva.jpg": {
        "AUC": 0.6533203125,
        "NSS": 0.5449967635882061,
        "IG": 2.1097626913320777,
        "LL": 0.16128716762516904
    },
    "grayscale_2_opensource.jpg": {
        "AUC": 0.8782552083333334,
        "NSS": 1.6337038994077877,
        "IG": 1.0347736634927382,
        "LL": 0.6647207538236298
    },
    "grayscale_3_kitchen.jpg": {
        "AUC": 0.4194010416666667,
        "NSS": 0.2667156531233251,
        "IG": 2.0183709244029733,
        "LL": -0.06859498688984474
    },
    "grayscale_3_oliva.jpg": {
        "AUC": 0.42122395833333337,
        "NSS": 0.10766810995934066,
        "IG": 2.7134948249123827,
        "LL": -0.28884586127007983
    },
    "grayscale_3_other.jpg": {
        "AUC": 0.9303385416666667,
        "NSS": 2.7593803573260267,
        "IG": 1.8708464993505862,
        "LL": 1.2872312115379845
    },
    "grayscale_4_oliva.jpg": {
        "AUC": 0.7783203125,
        "NSS": 1.3788255864810095,
        "IG": 1.379994606492072,
        "LL": 0.48048584311427955
    },
    "grayscale_4_other.jpg": {
        "AUC": 0.525245949074074,
        "NSS": 0.14197263672052463,
        "IG": 1.7971534486878409,
        "LL": 0.011756760940852354
    },
    "grayscale_5_housebeautiful.jpg": {
        "AUC": 0.7779947916666666,
        "NSS": 0.709216193953413,
        "IG": 0.7346709704179476,
        "LL": 0.33384603420553266
    },
    "grayscale_5_oliva.jpg": {
        "AUC": 0.6410590277777778,
        "NSS": 0.35281808492605055,
        "IG": 2.1001442519592146,
        "LL": 0.08785129667278528
    },
    "grayscale_5_opensource.jpg": {
        "AUC": 0.9149739583333332,
        "NSS": 3.4210815678666244,
        "IG": 2.1755791810397205,
        "LL": 0.9481664710614066
    },
    "grayscale_6_airbnb.jpg": {
        "AUC": 0.6064453125,
        "NSS": 0.0,
        "IG": 3.005854891506757,
        "LL": -0.19187458823420744
    },
    "grayscale_6_oliva.jpg": {
        "AUC": 0.4381510416666667,
        "NSS": 0.8149672567106768,
        "IG": 2.1460990860590914,
        "LL": -0.023341622353111546
    },
    "grayscale_6_opensource.jpg": {
        "AUC": 0.3465711805555556,
        "NSS": 0.0,
        "IG": 2.4531610885459383,
        "LL": -0.4751101613696207
    },
    "grayscale_6_other.jpg": {
        "AUC": 0.64892578125,
        "NSS": 1.5698852944964894,
        "IG": 1.4987076071901209,
        "LL": 0.4823042428950507
    },
    "grayscale_7_housebeautiful.jpg": {
        "AUC": 0.5625,
        "NSS": 0.09303401472151,
        "IG": 2.068126818122745,
        "LL": -0.11997852836802503
    },
    "grayscale_7_kitchen.jpg": {
        "AUC": 0.7993489583333333,
        "NSS": 1.4454978736167134,
        "IG": -0.40959040693309456,
        "LL": 0.5375853953662346
    },
    "grayscale_8_kitchen.jpg": {
        "AUC": 0.7333984375,
        "NSS": 0.8584995847024368,
        "IG": 1.3405385444374018,
        "LL": 0.29449272201134624
    },
    "grayscale_8_oliva.jpg": {
        "AUC": 0.333984375,
        "NSS": 0.0,
        "IG": 4.250219188172387,
        "LL": -0.43874578346543797
    },
    "grayscale_9_other.jpg": {
        "AUC": 0.48871527777777785,
        "NSS": 0.36115933663204025,
        "IG": 1.45264602137353,
        "LL": -0.050983679173714457
    },
    "grayscale_10_housebeautiful.jpg": {
        "AUC": 0.7154947916666667,
        "NSS": 0.8239986449952541,
        "IG": 2.237295400930844,
        "LL": 0.2122616331132871
    },
    "grayscale_10_kitchen.jpg": {
        "AUC": 0.42730034722222227,
        "NSS": 1.0846760060253573,
        "IG": 2.415213466336572,
        "LL": 0.12088255699908294
    },
    "grayscale_10_oliva.jpg": {
        "AUC": 0.5582320601851851,
        "NSS": 0.4231312038671382,
        "IG": 1.3382680644325815,
        "LL": -0.03667980940485806
    },
    "grayscale_10_opensource.jpg": {
        "AUC": 0.6946614583333334,
        "NSS": 0.02136490840633873,
        "IG": 2.434297026589775,
        "LL": -0.18453239408570413
    },
    "grayscale_11_kitchen.jpg": {
        "AUC": 0.45941840277777785,
        "NSS": 0.0,
        "IG": 3.6543392483594643,
        "LL": -0.277674419967763
    },
    "grayscale_11_oliva.jpg": {
        "AUC": 0.662326388888889,
        "NSS": 0.1195116217315318,
        "IG": 0.20487315424770505,
        "LL": -0.08547339228611091
    },
    "grayscale_11_opensource.jpg": {
        "AUC": 0.7350260416666666,
        "NSS": 0.47738723420179024,
        "IG": 12.669409336352421,
        "LL": 0.1903590718376519
    },
    "grayscale_12_housebeautiful.jpg": {
        "AUC": 0.982421875,
        "NSS": 4.636809592101105,
        "IG": 0.7368367035364773,
        "LL": 0.81426129918023
    },
    "grayscale_13_kitchen.jpg": {
        "AUC": 0.7200520833333334,
        "NSS": 1.520552470930478,
        "IG": 0.12981770819043836,
        "LL": 0.48933704771416264
    },
    "grayscale_13_oliva.jpg": {
        "AUC": 0.4930555555555556,
        "NSS": 0.017259192486089623,
        "IG": 0.32279469291038687,
        "LL": -0.3178722889230026
    },
    "grayscale_13_other.jpg": {
        "AUC": 0.9147135416666667,
        "NSS": 1.6084101491947829,
        "IG": -0.9996850079575648,
        "LL": 0.7989335813904903
    },
    "grayscale_14_airbnb.jpg": {
        "AUC": 0.7217447916666666,
        "NSS": 1.694335481029772,
        "IG": 1.9208753063897084,
        "LL": 0.4789301691017428
    },
    "grayscale_14_housebeautiful.jpg": {
        "AUC": 0.7740885416666666,
        "NSS": 2.3822981789936803,
        "IG": 10.376664437381761,
        "LL": 0.5844287769450626
    },
    "grayscale_14_kitchen.jpg": {
        "AUC": 0.7514322916666667,
        "NSS": 0.08317221242859324,
        "IG": 1.0390091559900863,
        "LL": -0.013673926964596461
    },
    "grayscale_14_oliva.jpg": {
        "AUC": 0.5337239583333333,
        "NSS": 0.07639050424875478,
        "IG": 2.0950780111554503,
        "LL": -0.24064296644718156
    },
    "grayscale_15_housebeautiful.jpg": {
        "AUC": 0.9129774305555555,
        "NSS": 2.3933882476231796,
        "IG": 0.455273309933044,
        "LL": 1.1385179012808926
    },
    "grayscale_15_kitchen.jpg": {
        "AUC": 0.7350260416666667,
        "NSS": 1.4171480255765512,
        "IG": 2.6190170400671775,
        "LL": 0.5248342110821071
    },
    "grayscale_15_oliva.jpg": {
        "AUC": 0.8074544270833333,
        "NSS": 1.5585081733883275,
        "IG": 1.2558048286895276,
        "LL": 0.287505219785007
    },
    "grayscale_15_opensource.jpg": {
        "AUC": 0.428515625,
        "NSS": 0.018430558517160023,
        "IG": 2.4145042524480185,
        "LL": -0.48841602647210147
    },
    "grayscale_16_housebeautiful.jpg": {
        "AUC": 0.6436197916666667,
        "NSS": 1.045468752678127,
        "IG": 1.766319211020407,
        "LL": 0.24989241935824733
    },
    "grayscale_16_oliva.jpg": {
        "AUC": 0.8851996527777778,
        "NSS": 0.8993619469644479,
        "IG": 0.13899420617716748,
        "LL": 0.42361570090609213
    },