{
    "grayscale_1_housebeautiful.jpg": {
        "AUC": 0.8516927083333332,
        "NSS": 1.5855166431928356,
        "IG": 4.543855059110642,
        "LL": 0.34732107508942195
    },
    "grayscale_1_kitchen.jpg": {
        "AUC": 0.9012586805555555,
        "NSS": 1.2271209216339445,
        "IG": 0.021398739003680944,
        "LL": 0.6078920044101137
    },
    "grayscale_1_oliva.jpg": {
        "AUC": 0.7465277777777778,
        "NSS": 0.18825415734358353,
        "IG": 1.5146322705154722,
        "LL": 0.07778565949285958
    },
    "grayscale_1_opensource.jpg": {
        "AUC": 0.439453125,
        "NSS": 0.0,
        "IG": 3.341807407919047,
        "LL": -0.46275110384745677
    },
    "grayscale_2_housebeautiful.jpg": {
        "AUC": 0.837890625,
        "NSS": 2.1802505605007916,
        "IG": 0.4546049008035713,
        "LL": 0.8466971355968747
    },
    "grayscale_2_oliva.jpg": {
        "AUC": 0.5227864583333334,
        "NSS": 0.0,
        "IG": 2.128373181292111,
        "LL": -0.42468095397602657
    },
    "grayscale_2_opensource.jpg": {
        "AUC": 0.5888671875,
        "NSS": 0.6802081983526423,
        "IG": 0.5559197796228208,
        "LL": 0.13097374008584994
    },
    "grayscale_3_kitchen.jpg": {
        "AUC": 0.8465711805555557,
        "NSS": 1.6447684066289388,
        "IG": 2.2117056033469544,
        "LL": 0.5656793037804887
    },
    "grayscale_3_oliva.jpg": {
        "AUC": 0.9720052083333334,
        "NSS": 3.824801054439054,
        "IG": 1.4707985527683203,
        "LL": 1.258448646156288
    },
    "grayscale_3_other.jpg": {
        "AUC": 0.8828125000000001,
        "NSS": 2.341085292298683,
        "IG": 1.069588233730089,
        "LL": 1.036947225560474
    },
    "grayscale_4_oliva.jpg": {
        "AUC": 0.833984375,
        "NSS": 1.258699418484304,
        "IG": 0.9633223367877117,
        "LL": 0.5811488232694666
    },
    "grayscale_4_other.jpg": {
        "AUC": 0.5707465277777778,
        "NSS": 0.023157305713654385,
        "IG": 2.2384439761276487,
        "LL": -0.11590052619291254
    },
    "grayscale_5_housebeautiful.jpg": {
        "AUC": 0.9755859375,
        "NSS": 4.997063890082754,
        "IG": -0.8909358564572065,
        "LL": 0.9711298703628373
    },
    "grayscale_5_oliva.jpg": {
        "AUC": 0.8821614583333333,
        "NSS": 1.2480068975310665,
        "IG": -0.19932393142386573,
        "LL": 0.6732697695722223
    },
    "grayscale_5_opensource.jpg": {
        "AUC": 0.623046875,
        "NSS": 0.5658331537359231,
        "IG": 2.4626978530039767,
        "LL": 0.009981340794573542
    },
    "grayscale_6_airbnb.jpg": {
        "AUC": 0.6985677083333334,
        "NSS": 0.9820227547513287,
        "IG": 2.3758485537228378,
        "LL": 0.2931968479566116
    },
    "grayscale_6_oliva.jpg": {
        "AUC": 0.8889322916666667,
        "NSS": 1.039278533235968,
        "IG": 0.699669664359298,
        "LL": 0.6947860742326991
    },
    "grayscale_6_opensource.jpg": {
        "AUC": 0.7514523237179489,
        "NSS": 1.15465174826002,
        "IG": 0.41165239577094687,
        "LL": 0.46940463806947974
    },
    "grayscale_6_other.jpg": {
        "AUC": 0.7061197916666666,
        "NSS": 0.10847648357194577,
        "IG": 0.4808280363495207,
        "LL": -0.1476631020224648
    },
    "grayscale_7_housebeautiful.jpg": {
        "AUC": 0.2889322916666667,
        "NSS": 0.43960727907678904,
        "IG": 2.5425580641605605,
        "LL": -0.22841050765022058
    },
    "grayscale_7_kitchen.jpg": {
        "AUC": 0.7204427083333333,
        "NSS": 0.1314605389897223,
        "IG": 0.8643128467807237,
        "LL": -0.018201651927203598
    },
    "grayscale_8_kitchen.jpg": {
        "AUC": 0.978515625,
        "NSS": 3.426457751536582,
        "IG": 1.6258885935247995,
        "LL": 1.279356133532066
    },
    "grayscale_8_oliva.jpg": {
        "AUC": 0.841796875,
        "NSS": 2.2702697105965224,
        "IG": 3.4405759317784463,
        "LL": 0.5747489206456831
    },
    "grayscale_9_other.jpg": {
        "AUC": 0.529079861111111,
        "NSS": 0.1641744349596157,
        "IG": 2.4644134825237174,
        "LL": -0.13372070384396353
    },
    "grayscale_10_housebeautiful.jpg": {
        "AUC": 0.6575520833333333,
        "NSS": 0.6546000832422278,
        "IG": 2.7812978378531086,
        "LL": 0.19270699998098095
    },
    "grayscale_10_kitchen.jpg": {
        "AUC": 0.48616536458333337,
        "NSS": 0.12330552625697475,
        "IG": 1.9467379587811238,
        "LL": -0.20881452365623154
    },
    "grayscale_10_oliva.jpg": {
        "AUC": 0.6538962339743589,
        "NSS": 0.8971633955409614,
        "IG": 1.58270677825768,
        "LL": 0.07501064357702839
    },
    "grayscale_10_opensource.jpg": {
        "AUC": 0.9372829861111112,
        "NSS": 3.537088641706459,
        "IG": -0.09864656200868598,
        "LL": 0.8778278252690667
    },
    "grayscale_11_kitchen.jpg": {
        "AUC": 0.8382161458333334,
        "NSS": 1.4217911206785154,
        "IG": -0.8931961769843113,
        "LL": 0.5604037141830445
    },
    "grayscale_11_oliva.jpg": {
        "AUC": 0.8268229166666667,
        "NSS": 0.5018616551320195,
        "IG": -0.624418301354777,
        "LL": 0.2684806472795609
    },
    "grayscale_11_opensource.jpg": {
        "AUC": 0.7936197916666667,
        "NSS": 0.8152329182577942,
        "IG": 0.2694710679698371,
        "LL": 0.45061399441689964
    },
    "grayscale_12_housebeautiful.jpg": {
        "AUC": 0.7669270833333334,
        "NSS": 0.7739519360475151,
        "IG": 0.032420160978994694,
        "LL": 0.24705650554958325
    },
    "grayscale_13_kitchen.jpg": {
        "AUC": 0.6602285879629629,
        "NSS": 0.6997599962434405,
        "IG": 0.7633678018870707,
        "LL": 0.18113544673263643
    },
    "grayscale_13_oliva.jpg": {
        "AUC": 0.8053385416666666,
        "NSS": 1.7324806820220189,
        "IG": 0.39810768555915593,
        "LL": 0.7102551160371995
    },
    "grayscale_13_other.jpg": {
        "AUC": 0.89453125,
        "NSS": 1.0253111751425243,
        "IG": -0.9649305952013876,
        "LL": 0.5716437703794517
    },
    "grayscale_14_airbnb.jpg": {
        "AUC": 0.6399739583333333,
        "NSS": 0.752710795757445,
        "IG": 1.2139767239722636,
        "LL": 0.1735703241638604
    },
    "grayscale_14_housebeautiful.jpg": {
        "AUC": 0.935546875,
        "NSS": 3.9447846638223423,
        "IG": 5.317996461004599,
        "LL": 0.8284420028142128
    },
    "grayscale_14_kitchen.jpg": {
        "AUC": 0.7197916666666667,
        "NSS": 0.969803687037494,
        "IG": 0.5122457765074642,
        "LL": 0.17978223228863827
    },
    "grayscale_14_oliva.jpg": {
        "AUC": 0.8295572916666668,
        "NSS": 0.7784254311503466,
        "IG": 1.4499308035600487,
        "LL": 0.448554197787276
    },
    "grayscale_15_housebeautiful.jpg": {
        "AUC": 0.7311197916666666,
        "NSS": 1.1125922721245536,
        "IG": 3.4408805473619615,
        "LL": 0.36080189613533803
    },
    "grayscale_15_kitchen.jpg": {
        "AUC": 0.8582899305555555,
        "NSS": 1.0736012068003786,
        "IG": 1.8365021735677083,
        "LL": 0.5655216807543842
    },
    "grayscale_15_oliva.jpg": {
        "AUC": 0.5861545138888888,
        "NSS": 0.4367345117181149,
        "IG": 0.6791292969369191,
        "LL": -0.005789447969072252
    },
    "grayscale_15_opensource.jpg": {
        "AUC": 0.5836588541666667,
        "NSS": 0.0,
        "IG": 1.1475504303460276,
        "LL": -0.3559443530144524
    },
    "grayscale_16_housebeautiful.jpg": {
        "AUC": 0.49376860119047616,
        "NSS": 0.5379185353608398,
        "IG": 2.4394898820532345,
        "LL": -0.09017115163379381
    },
    "grayscale_16_oliva.jpg": {
        "AUC": 0.9293619791666666,
        "NSS": 1.6068999361573029,
        "IG": -0.015820980508241878,
        "LL": 0.6799257958362865
    },