{
    "grayscale_1_housebeautiful.jpg": {
        "AUC": 0.6946614583333334,
        "NSS": 1.319690726557909,
        "IG": 1.1349000273218928,
        "LL": 0.37186023726135087
    },
    "grayscale_1_kitchen.jpg": {
        "AUC": 0.8935546875,
        "NSS": 2.281609167154742,
        "IG": 0.5737199781373097,
        "LL": 0.931470566034448
    },
    "grayscale_1_oliva.jpg": {
        "AUC": 0.5149739583333333,
        "NSS": 1.6582389411728036,
        "IG": 3.6511133168876446,
        "LL": 0.4624583182568722
    },
    "grayscale_1_opensource.jpg": {
        "AUC": 0.3771701388888889,
        "NSS": 0.11502965098501133,
        "IG": 1.7584837957198807,
        "LL": 0.049994061346174234
    },
    "grayscale_2_housebeautiful.jpg": {
        "AUC": 0.490234375,
        "NSS": 1.1753139243696922,
        "IG": 1.3557007451715657,
        "LL": 0.23117460559329453
    },
    "grayscale_2_oliva.jpg": {
        "AUC": 0.8160807291666667,
        "NSS": 0.7443074369435385,
        "IG": 2.106675441495787,
        "LL": 0.358370298204568
    },
    "grayscale_2_opensource.jpg": {
        "AUC": 0.8470052083333333,
        "NSS": 1.3666857553560217,
        "IG": 0.6992758465677902,
        "LL": 0.5831805000701036
    },
    "grayscale_3_kitchen.jpg": {
        "AUC": 0.728515625,
        "NSS": 2.381082055714852,
        "IG": 2.337583981751041,
        "LL": 0.288412856708371
    },
    "grayscale_3_oliva.jpg": {
        "AUC": 0.5517578125,
        "NSS": 1.4723085314100974,
        "IG": 3.7155911083845363,
        "LL": 0.3069275833048062
    },
    "grayscale_3_other.jpg": {
        "AUC": 0.38576722756410253,
        "NSS": 0.31226532975712107,
        "IG": 1.8962731863203517,
        "LL": -0.3993049168332142
    },
    "grayscale_4_oliva.jpg": {
        "AUC": 0.7757161458333333,
        "NSS": 1.1009782666696533,
        "IG": -0.08554699164602231,
        "LL": 0.4855490795860189
    },
    "grayscale_4_other.jpg": {
        "AUC": 0.8834635416666667,
        "NSS": 0.2610512042102898,
        "IG": -1.6357884712805526,
        "LL": 0.1382877278091783
    },
    "grayscale_5_housebeautiful.jpg": {
        "AUC": 0.9544270833333333,
        "NSS": 1.713016275964347,
        "IG": -2.386397855969743,
        "LL": 0.4197999791468643
    },
    "grayscale_5_oliva.jpg": {
        "AUC": 0.907421875,
        "NSS": 1.9540665249294584,
        "IG": -1.4981799734392578,
        "LL": 0.5555729779017096
    },
    "grayscale_5_opensource.jpg": {
        "AUC": 0.54296875,
        "NSS": 1.5404258384186706,
        "IG": 2.885557213457894,
        "LL": 0.05056869810484388
    },
    "grayscale_6_airbnb.jpg": {
        "AUC": 0.439453125,
        "NSS": 0.07944532482842413,
        "IG": 1.8550516041228178,
        "LL": -0.1156406643945503
    },
    "grayscale_6_oliva.jpg": {
        "AUC": 0.7345920138888888,
        "NSS": 1.6379720015265395,
        "IG": 0.9849461114463018,
        "LL": 0.2725239627537877
    },
    "grayscale_6_opensource.jpg": {
        "AUC": 0.7434895833333334,
        "NSS": 0.8209308062442078,
        "IG": 1.6599814841029146,
        "LL": 0.3128412311932405
    },
    "grayscale_6_other.jpg": {
        "AUC": 0.7734375000000001,
        "NSS": 0.03984958734067431,
        "IG": 0.9691537861671535,
        "LL": -0.10101918407378241
    },
    "grayscale_7_housebeautiful.jpg": {
        "AUC": 0.7957899305555555,
        "NSS": 0.5560356665369347,
        "IG": 1.0611837271974227,
        "LL": 0.194868822772755
    },
    "grayscale_7_kitchen.jpg": {
        "AUC": 0.8331163194444445,
        "NSS": 1.6535791114899423,
        "IG": 0.025299408647220318,
        "LL": 0.6495594247255321
    },
    "grayscale_8_kitchen.jpg": {
        "AUC": 0.8118489583333333,
        "NSS": 1.5072925779137911,
        "IG": 0.22397505333187695,
        "LL": 0.5961403782390429
    },
    "grayscale_8_oliva.jpg": {
        "AUC": 0.6774739583333332,
        "NSS": 0.1250300248151297,
        "IG": 2.344860747741593,
        "LL": 0.009388514592549769
    },
    "grayscale_9_other.jpg": {
        "AUC": 0.5796875,
        "NSS": 0.7514096905995807,
        "IG": 1.2396405022513628,
        "LL": 0.1902741286853427
    },
    "grayscale_10_housebeautiful.jpg": {
        "AUC": 0.2874098557692308,
        "NSS": 0.055699444436984505,
        "IG": 3.893420209589372,
        "LL": -0.3471703455135697
    },
    "grayscale_10_kitchen.jpg": {
        "AUC": 0.7326388888888888,
        "NSS": 1.2819884082058788,
        "IG": 0.11812348300595425,
        "LL": 0.5360123860186509
    },
    "grayscale_10_oliva.jpg": {
        "AUC": 0.40983072916666663,
        "NSS": 0.5246543659293693,
        "IG": 1.8384230419269332,
        "LL": -0.19549281650850803
    },
    "grayscale_10_opensource.jpg": {
        "AUC": 0.9915364583333334,
        "NSS": 4.328087433368653,
        "IG": 0.29266165275329037,
        "LL": 1.873645032485035
    },
    "grayscale_11_kitchen.jpg": {
        "AUC": 0.37890625,
        "NSS": 0.3328651991568884,
        "IG": -0.30700223168088003,
        "LL": -0.1902440745574796
    },
    "grayscale_11_oliva.jpg": {
        "AUC": 0.8648003472222222,
        "NSS": 2.0812541127102864,
        "IG": -0.05383155227813417,
        "LL": 0.6096112079573734
    },
    "grayscale_11_opensource.jpg": {
        "AUC": 0.5657552083333333,
        "NSS": 0.0,
        "IG": 3.225400250761229,
        "LL": -0.4014369128386021
    },
    "grayscale_12_housebeautiful.jpg": {
        "AUC": 0.3416967147435897,
        "NSS": 0.019303066656674993,
        "IG": 3.4007595061465756,
        "LL": -0.14505114198712435
    },
    "grayscale_13_kitchen.jpg": {
        "AUC": 0.788969494047619,
        "NSS": 0.9351469757163988,
        "IG": 0.27014778210746926,
        "LL": 0.3159970139678641
    },
    "grayscale_13_oliva.jpg": {
        "AUC": 0.8485243055555555,
        "NSS": 1.9186530220612508,
        "IG": 1.1598010352986463,
        "LL": 0.5451079649936946
    },
    "grayscale_13_other.jpg": {
        "AUC": 0.5524450231481481,
        "NSS": 0.40764921607653837,
        "IG": 1.4084856322210668,
        "LL": -0.1404308694952279
    },
    "grayscale_14_airbnb.jpg": {
        "AUC": 0.6919389204545454,
        "NSS": 0.8027642130892182,
        "IG": 2.0146176351106813,
        "LL": 0.22626361885376733
    },
    "grayscale_14_housebeautiful.jpg": {
        "AUC": 0.3723028273809524,
        "NSS": 0.23433559885284017,
        "IG": 14.598865177679356,
        "LL": -0.02719334362113988
    },
    "grayscale_14_kitchen.jpg": {
        "AUC": 0.48318142361111116,
        "NSS": 0.7166889752110223,
        "IG": 2.6201590747049135,
        "LL": -0.015943053609812925
    },
    "grayscale_14_oliva.jpg": {
        "AUC": 0.6459263392857143,
        "NSS": 0.8191108075408506,
        "IG": 2.2480403851829243,
        "LL": 0.2848074961775663
    },
    "grayscale_15_housebeautiful.jpg": {
        "AUC": 0.465234375,
        "NSS": 0.4528654473263679,
        "IG": 2.771490270923133,
        "LL": -0.15249599861887048
    },
    "grayscale_15_kitchen.jpg": {
        "AUC": 0.883984375,
        "NSS": 1.8838782269991399,
        "IG": 0.012534623993616023,
        "LL": 0.8018008006069139
    },
    "grayscale_15_oliva.jpg": {
        "AUC": 0.9095052083333333,
        "NSS": 1.9596278305326487,
        "IG": 0.22041278871097658,
        "LL": 1.1827700781899817
    },
    "grayscale_15_opensource.jpg": {
        "AUC": 0.8717447916666667,
        "NSS": 2.183001533081084,
        "IG": 0.025247040105870866,
        "LL": 0.9827934397599167
    },
    "grayscale_16_housebeautiful.jpg": {
        "AUC": 0.5986328125,
        "NSS": 0.21879627436680474,
        "IG": 1.805992734705883,
        "LL": -0.21462924312883436
    },
    "grayscale_16_oliva.jpg": {
        "AUC": 0.8870442708333334,
        "NSS": 1.8665891827436487,
        "IG": 0.28884351885485327,
        "LL": 0.668467963336624
    },