{
    "grayscale_1_housebeautiful.jpg": {
        "AUC": 0.9212239583333333,
        "NSS": 2.317494286283905,
        "IG": -0.623060631676704,
        "LL": 0.9764886125244931
    },
    "grayscale_1_kitchen.jpg": {
        "AUC": 0.8040364583333334,
        "NSS": 0.8321456234006857,
        "IG": -0.1400538284623032,
        "LL": 0.34873683282823453
    },
    "grayscale_1_oliva.jpg": {
        "AUC": 0.5217447916666667,
        "NSS": 0.19591552700079454,
        "IG": 1.65316452450273,
        "LL": 0.003756726201918248
    },
    "grayscale_2_housebeautiful.jpg": {
        "AUC": 0.4186197916666667,
        "NSS": 0.1383897567601455,
        "IG": 1.0474246146798993,
        "LL": -0.19980792562677352
    },
    "grayscale_2_oliva.jpg": {
        "AUC": 0.7154947916666666,
        "NSS": 0.14559771893818724,
        "IG": 0.36519882402749815,
        "LL": -0.058287420708124316
    },
    "grayscale_2_opensource.jpg": {
        "AUC": 0.641015625,
        "NSS": 1.2704683323138855,
        "IG": 0.5784315376795807,
        "LL": 0.3478752797971545
    },
    "grayscale_3_kitchen.jpg": {
        "AUC": 0.9000651041666666,
        "NSS": 2.0342501187249686,
        "IG": 1.707893095642308,
        "LL": 0.40159024878325233
    },
    "grayscale_3_oliva.jpg": {
        "AUC": 0.5523003472222222,
        "NSS": 1.3148059351366348,
        "IG": 2.9469896366197914,
        "LL": 0.21320185344513
    },
    "grayscale_3_other.jpg": {
        "AUC": 0.7506510416666666,
        "NSS": 1.362952409175908,
        "IG": 0.9781213421126548,
        "LL": 0.5699857236036383
    },
    "grayscale_4_oliva.jpg": {
        "AUC": 0.763671875,
        "NSS": 1.1491843316128179,
        "IG": 0.5827182196203644,
        "LL": 0.38523388770455025
    },
    "grayscale_4_other.jpg": {
        "AUC": 0.9095052083333334,
        "NSS": 2.3604885882556106,
        "IG": -0.13231399682371348,
        "LL": 0.7247847574864195
    },
    "grayscale_5_housebeautiful.jpg": {
        "AUC": 0.8671875,
        "NSS": 1.5270344159002212,
        "IG": -0.5257807766891951,
        "LL": 0.7511627681200634
    },
    "grayscale_5_oliva.jpg": {
        "AUC": 0.7628038194444445,
        "NSS": 0.31937609176746745,
        "IG": -0.19151247656788387,
        "LL": 0.1774757403187722
    },
    "grayscale_5_opensource.jpg": {
        "AUC": 0.8717447916666666,
        "NSS": 0.7853848141490155,
        "IG": 1.913753675122937,
        "LL": 0.40596919764925943
    },
    "grayscale_6_airbnb.jpg": {
        "AUC": 0.426171875,
        "NSS": 0.26174604165024523,
        "IG": 3.3615429932840626,
        "LL": -0.24231561781158356
    },
    "grayscale_6_oliva.jpg": {
        "AUC": 0.502170138888889,
        "NSS": 0.7976464419362014,
        "IG": 1.4642164574168033,
        "LL": 0.051154194525601326
    },
    "grayscale_6_opensource.jpg": {
        "AUC": 0.931640625,
        "NSS": 3.6792233599480624,
        "IG": -0.7150933302189886,
        "LL": 0.6016409857735692
    },
    "grayscale_6_other.jpg": {
        "AUC": 0.787109375,
        "NSS": 0.18386896563121063,
        "IG": 0.4681580325315082,
        "LL": 0.040830858778942415
    },
    "grayscale_7_housebeautiful.jpg": {
        "AUC": 0.8600260416666666,
        "NSS": 0.7972149915791864,
        "IG": 1.7781942573161693,
        "LL": 0.45997344743044577
    },
    "grayscale_7_kitchen.jpg": {
        "AUC": 0.6028645833333334,
        "NSS": 0.0,
        "IG": 0.19021051466057592,
        "LL": -0.23414969930849328
    },
    "grayscale_8_kitchen.jpg": {
        "AUC": 0.916015625,
        "NSS": 1.3825702948226395,
        "IG": 1.2297433589689213,
        "LL": 0.4857043248535362
    },
    "grayscale_8_oliva.jpg": {
        "AUC": 0.8014322916666666,
        "NSS": 0.5987937784408347,
        "IG": 2.243948108019042,
        "LL": 0.3185225003235317
    },
    "grayscale_9_other.jpg": {
        "AUC": 0.6729600694444445,
        "NSS": 0.5251943521084517,
        "IG": 2.3024522526117877,
        "LL": 0.11242407009336948
    },
    "grayscale_10_housebeautiful.jpg": {
        "AUC": 0.8512369791666666,
        "NSS": 1.482488181099493,
        "IG": 1.5985570366713486,
        "LL": 0.6370732590172303
    },
    "grayscale_10_kitchen.jpg": {
        "AUC": 0.6189236111111112,
        "NSS": 1.4101263720951707,
        "IG": 1.3307727885828664,
        "LL": 0.37427747564308245
    },
    "grayscale_10_oliva.jpg": {
        "AUC": 0.6712239583333334,
        "NSS": 1.7325317722306275,
        "IG": 1.4113792009780797,
        "LL": 0.5090803852149178
    },
    "grayscale_10_opensource.jpg": {
        "AUC": 0.9505208333333334,
        "NSS": 3.5142460319726134,
        "IG": 0.4449813261940414,
        "LL": 1.5369459071338012
    },
    "grayscale_11_kitchen.jpg": {
        "AUC": 0.7747395833333334,
        "NSS": 1.0251632783504465,
        "IG": -0.24856617042988027,
        "LL": 0.42075040482125736
    },
    "grayscale_11_oliva.jpg": {
        "AUC": 0.7128906249999999,
        "NSS": 0.5247620678153142,
        "IG": 0.19022496686100113,
        "LL": 0.10741205752566714
    },
    "grayscale_11_opensource.jpg": {
        "AUC": 0.9612630208333334,
        "NSS": 3.697787586000604,
        "IG": 0.12938832629689867,
        "LL": 0.9346339343240113
    },
    "grayscale_12_housebeautiful.jpg": {
        "AUC": 0.7664207175925926,
        "NSS": 1.072562584314856,
        "IG": 0.049246030522326616,
        "LL": 0.22723404358062224
    },
    "grayscale_13_kitchen.jpg": {
        "AUC": 0.8692853009259259,
        "NSS": 1.3937796908086337,
        "IG": -0.28858252341783364,
        "LL": 0.6313335377182285
    },
    "grayscale_13_oliva.jpg": {
        "AUC": 0.833984375,
        "NSS": 0.418838693649459,
        "IG": -0.266824355363181,
        "LL": 0.27289017538699173
    },
    "grayscale_13_other.jpg": {
        "AUC": 0.9485677083333334,
        "NSS": 3.575061860956841,
        "IG": 0.26503181004430854,
        "LL": 1.0388273937236416
    },
    "grayscale_14_airbnb.jpg": {
        "AUC": 0.3380353009259259,
        "NSS": 0.5224095438727885,
        "IG": 2.9418579180830826,
        "LL": 0.08894144125506721
    },
    "grayscale_14_housebeautiful.jpg": {
        "AUC": 0.8487413194444445,
        "NSS": 3.327447484197243,
        "IG": 2.5433646129581087,
        "LL": 0.750483077526698
    },
    "grayscale_14_kitchen.jpg": {
        "AUC": 0.4938151041666667,
        "NSS": 0.037033809493559645,
        "IG": 2.640497670827623,
        "LL": -0.24815597967895364
    },
    "grayscale_14_oliva.jpg": {
        "AUC": 0.7606770833333333,
        "NSS": 0.6765051489620639,
        "IG": 1.21302908284088,
        "LL": 0.28358100832247823
    },
    "grayscale_15_housebeautiful.jpg": {
        "AUC": 0.5731336805555556,
        "NSS": 0.08327445196093912,
        "IG": 2.36192359639787,
        "LL": -0.2774613494550697
    },
    "grayscale_15_kitchen.jpg": {
        "AUC": 0.6572265625,
        "NSS": 1.0550032976899761,
        "IG": 1.7650674860377304,
        "LL": 0.35307578866597744
    },
    "grayscale_15_oliva.jpg": {
        "AUC": 0.7428385416666666,
        "NSS": 0.8074077621146621,
        "IG": 0.9015482042422439,
        "LL": 0.43956082317515666
    },
    "grayscale_15_opensource.jpg": {
        "AUC": 0.6559244791666667,
        "NSS": 0.1956550052753715,
        "IG": 0.7919380123897395,
        "LL": -0.029500275434699574
    },
    "grayscale_16_housebeautiful.jpg": {
        "AUC": 0.855078125,
        "NSS": 1.2198351476381812,
        "IG": 0.7336118608181346,
        "LL": 0.6663169703541417
    },
    "grayscale_16_oliva.jpg": {
        "AUC": 0.9351128472222222,
        "NSS": 2.21273134314147,
        "IG": -0.19752700505794904,
        "LL": 0.9504288526295012
    },
    "grayscale_16_opensource.jpg": {
        "AUC": 0.8626302083333334,
        "NSS": 1.254316578442221,
        "IG": 0.8294476992060911,
        "LL": 0.7517455849041763
    },